-- phpMyAdmin SQL Dump
-- version 4.1.14
-- http://www.phpmyadmin.net
--
-- Host: 127.0.0.1
-- Generation Time: Sep 08, 2016 at 07:44 PM
-- Server version: 5.6.17
-- PHP Version: 5.5.12

SET SQL_MODE = "NO_AUTO_VALUE_ON_ZERO";
SET time_zone = "+00:00";


/*!40101 SET @OLD_CHARACTER_SET_CLIENT=@@CHARACTER_SET_CLIENT */;
/*!40101 SET @OLD_CHARACTER_SET_RESULTS=@@CHARACTER_SET_RESULTS */;
/*!40101 SET @OLD_COLLATION_CONNECTION=@@COLLATION_CONNECTION */;
/*!40101 SET NAMES utf8 */;

--
-- Database: `calorya`
--

-- --------------------------------------------------------

--
-- Table structure for table `categories`
--

CREATE TABLE IF NOT EXISTS `categories` (
  `category_id` int(11) NOT NULL AUTO_INCREMENT,
  `title` text NOT NULL,
  `menu_id` int(11) NOT NULL,
  `color` varchar(40) NOT NULL,
  PRIMARY KEY (`category_id`)
) ENGINE=InnoDB  DEFAULT CHARSET=utf8 AUTO_INCREMENT=151 ;

--
-- Dumping data for table `categories`
--

INSERT INTO `categories` (`category_id`, `title`, `menu_id`, `color`) VALUES
(1, 'ארוחת בוקר', 1, '#F0F8FF'),
(2, 'ארוחת ביניים בוקר', 1, '#ffbdbd'),
(3, 'ארוחת צהריים', 1, '#bdffc1'),
(4, 'ארוחת ביניים ערב', 1, '#bdc5ff'),
(5, 'ארוחת ערב', 1, '#ffbdf2'),
(31, 'ארוחת בוקר', 3, '#F0F8FF'),
(32, 'ארוחת ביניים בוקר', 3, '#ffbdbd'),
(33, 'ארוחת צהריים', 3, '#bdffc1'),
(34, 'ארוחת ביניים ערב', 3, '#bdc5ff'),
(35, 'ארוחת ערב', 3, '#ffbdf2'),
(36, 'ארוחת בוקר', 2, '#F0F8FF'),
(37, 'ארוחת ביניים בוקר', 2, '#ffbdbd'),
(38, 'ארוחת צהריים', 2, '#bdffc1'),
(39, 'ארוחת ביניים ערב', 2, '#bdc5ff'),
(40, 'ארוחת ערב', 2, '#ffbdf2'),
(96, 'ארוחת בוקר', 6, '#F0F8FF'),
(97, 'ארוחת ביניים בוקר', 6, '#ffbdbd'),
(98, 'ארוחת צהריים', 6, '#bdffc1'),
(99, 'ארוחת ביניים ערב', 6, '#bdc5ff'),
(100, 'ארוחת ערב', 6, '#ffbdf2'),
(101, 'ארוחת בוקר', 5, '#F0F8FF'),
(102, 'ארוחת ביניים בוקר', 5, '#ffbdbd'),
(103, 'ארוחת צהריים', 5, '#bdffc1'),
(104, 'ארוחת ביניים ערב', 5, '#bdc5ff'),
(105, 'ארוחת ערב', 5, '#ffbdf2'),
(106, 'ארוחת בוקר', 4, '#F0F8FF'),
(107, 'ארוחת ביניים בוקר', 4, '#ffbdbd'),
(108, 'ארוחת צהריים', 4, '#bdffc1'),
(109, 'ארוחת ביניים ערב', 4, '#bdc5ff'),
(110, 'ארוחת ערב', 4, '#ffbdf2'),
(116, 'ארוחת בוקר', 11, '#F0F8FF'),
(117, 'ארוחת ביניים בוקר', 11, '#ffbdbd'),
(118, 'ארוחת צהריים', 11, '#bdffc1'),
(119, 'ארוחת ביניים ערב', 11, '#bdc5ff'),
(120, 'ארוחת ערב', 11, '#ffbdf2'),
(121, 'ארוחת בוקר', 10, '#F0F8FF'),
(122, 'ארוחת ביניים בוקר', 10, '#ffbdbd'),
(123, 'ארוחת צהריים', 10, '#bdffc1'),
(124, 'ארוחת ביניים ערב', 10, '#bdc5ff'),
(125, 'ארוחת ערב', 10, '#ffbdf2'),
(136, 'ארוחת בוקר', 7, '#F0F8FF'),
(137, 'ארוחת ביניים בוקר', 7, '#ffbdbd'),
(138, 'ארוחת צהריים', 7, '#bdffc1'),
(139, 'ארוחת ביניים ערב', 7, '#bdc5ff'),
(140, 'ארוחת ערב', 7, '#ffbdf2'),
(141, 'ארוחת בוקר', 9, '#F0F8FF'),
(142, 'ארוחת ביניים בוקר', 9, '#ffbdbd'),
(143, 'ארוחת צהריים', 9, '#bdffc1'),
(144, 'ארוחת ביניים ערב', 9, '#bdc5ff'),
(145, 'ארוחת ערב', 9, '#ffbdf2'),
(146, 'ארוחת בוקר', 8, '#F0F8FF'),
(147, 'ארוחת ביניים בוקר', 8, '#ffbdbd'),
(148, 'ארוחת צהריים', 8, '#bdffc1'),
(149, 'ארוחת ביניים ערב', 8, '#bdc5ff'),
(150, 'ארוחת ערב', 8, '#ffbdf2');

-- --------------------------------------------------------

--
-- Table structure for table `food`
--

CREATE TABLE IF NOT EXISTS `food` (
  `food_id` int(11) NOT NULL AUTO_INCREMENT,
  `title` text NOT NULL,
  `calories` float NOT NULL,
  `protein` float NOT NULL,
  `crabs` float NOT NULL,
  `fat` float NOT NULL,
  `cholesterol` float NOT NULL,
  `vesel` float NOT NULL,
  PRIMARY KEY (`food_id`)
) ENGINE=InnoDB  DEFAULT CHARSET=utf8 AUTO_INCREMENT=1142 ;

--
-- Dumping data for table `food`
--

INSERT INTO `food` (`food_id`, `title`, `calories`, `protein`, `crabs`, `fat`, `cholesterol`, `vesel`) VALUES
(1, 'אבוקדו עם קליפה וגרעין', 121.816, 1.5, 3.9, 11.3, 0, 1.9),
(2, 'אבטיח ללא קליפה', 33.174, 0.5, 6.8, 0.4, 0, 0.5),
(3, 'אבטיח עם קליפה', 14.76, 0.2, 3, 0.2, 0, 0.5),
(4, 'אגוזי (חטיף)', 493.74, 5, 60, 26, 0.006, 0),
(5, 'אגוזי אילסר (לוז)', 662.48, 12, 14, 63, 0, 3.7),
(6, 'אגוזי אילסר (לוז) קלויים', 691.652, 12, 14, 66.3, 0, 3.7),
(7, 'אגוזי ברזיל', 693.708, 14.3, 10.9, 66.9, 0, 3.1),
(8, 'אגוזי מלך', 690.31, 15, 13.5, 65, 0, 3),
(9, 'אגוזי מקדמיה', 729.166, 7.8, 15.9, 71.6, 0, 2),
(10, 'אגוזי פקאן', 726.206, 9.6, 12.5, 72, 0, 2.7),
(11, 'אגוזי פקאן קלויים', 687.586, 8, 20.7, 64.6, 0, 2.7),
(12, 'אגוז קוקוס', 358.12, 4, 8, 35, 0, 6.4),
(13, 'אגוז קוקוס טחון מיובש', 676.1, 7, 18, 65, 0, 6.4),
(14, 'אגוזי קשיו', 592.778, 17.2, 29.3, 45.7, 0, 0.7),
(15, 'אגס ללא קליפה', 69.308, 0.4, 15.8, 0.4, 0, 2),
(16, 'אגס מבושל/משומר', 30.044, 0.2, 7.2, 0, 0, 2),
(17, 'אגס שלם', 56.316, 0.4, 12.6, 0.4, 0, 2),
(18, 'אווז לפני בישול (ללא עור)', 154.926, 22.7, 0, 7.1, 0.084, 0),
(19, 'אווז לפני בישול (עם עור)', 361.172, 15.8, 0, 33.6, 0.08, 0),
(20, 'אווז מבושל (ללא עור)', 228.718, 28.9, 0, 12.6, 0.096, 0),
(21, 'אווז מבושל (עם עור)', 295.502, 25.1, 0, 21.9, 0.091, 0),
(22, 'אווז (כבד)', 128.884, 16.3, 6.3, 4.2, 0.515, 0),
(23, 'אווז (ממרח כבד)', 452.152, 11.4, 4.6, 43.8, 0.15, 0),
(24, 'אוכמניות משומרות בסירופ', 59.492, 1.3, 12.7, 0.3, 0, 0.5),
(25, 'אול בראן (דגני בוקר)', 267.756, 12.2, 47, 3.1, 0, 2.8),
(26, 'אורז בר (לפני בישול)', 372.616, 14.7, 74.9, 1, 0, 6),
(27, 'אורז בר (מבושל)', 104.964, 3.9, 21.3, 0.3, 0, 1.9),
(28, 'אורז לבן לא מבושל', 360.22, 6.7, 80.5, 0.7, 0, 2.1),
(29, 'אורז לבן מאודה מבושל', 111.46, 2.3, 24.5, 0.3, 0, 0.7),
(30, 'אורז לבן מבושל', 117.144, 2.7, 25.5, 0.3, 0, 0.7),
(31, 'אורז חום לא מבושל', 370.33, 7.5, 77.4, 2.9, 0, 2.7),
(32, 'אורז חום מבושל', 118.984, 2.5, 25.5, 0.6, 0, 1.2),
(33, 'אטריות (כל הסוגים) לא מבושלות', 365.858, 12.5, 75, 1.2, 0, 1.4),
(34, 'אטריות מבושלות (כל הסוגים)', 155.786, 5, 32.5, 0.4, 0, 0.1),
(35, 'אטריות ביצים מבושלות', 167.54, 5.5, 32.5, 1.5, 0, 1.4),
(36, 'אטריות מחיטה מלאה לא מבושלות', 363.972, 14.6, 72, 1.4, 0, 7.8),
(37, 'אטריות מחיטה מלאה מבושלות', 129.468, 5.3, 25.5, 0.5, 0, 1.9),
(38, 'אנונה', 100.976, 2, 22, 0.4, 0, 1.7),
(39, 'אננס', 48.602, 0.4, 10.7, 0.4, 0, 0.5),
(40, 'אננס (שימורים)', 55.288, 0.4, 13, 0.1, 0, 0.5),
(41, 'אנשובי בשמן (משומר)', 203.082, 28.9, 0, 9.7, 0, 0),
(42, 'אספרגוס טרי ללא גבעול וקליפה', 26.128, 2.3, 3.7, 0.2, 0, 0.7),
(43, 'אפונה יבשה', 353.75, 24, 60.3, 1.3, 0, 4),
(44, 'אפונה יבשה מבושלת', 124.452, 8, 22, 0.3, 0, 2.5),
(45, 'אפונה ירוקה טרייה', 75.398, 5.4, 12.3, 0.4, 0, 2.5),
(46, 'אפונה ירוקה מבושלת', 63.958, 5, 10.1, 0.3, 0, 5),
(47, 'אפרסמון', 136.704, 0.8, 32, 0.4, 0, 1.8),
(48, 'אפרסק ללא גרעין', 51.634, 0.5, 12, 0.1, 0, 0.5),
(49, 'אפרסק עם גרעין', 35.394, 0.5, 8, 0.1, 0, 0.5),
(50, 'אפרסק (שימורים)', 60.088, 0.5, 14.3, 0, 0, 0.5),
(51, 'ארטיק קרח', 78.358, 0, 19.3, 0, 0, 0),
(52, 'ארטיק קרח דל קלוריות', 1.624, 0, 0.4, 0, 0, 0),
(53, 'ארטישוק מבושל', 55.288, 3.5, 9.9, 0.1, 0, 4.5),
(54, 'ארטישוק (ראשים מבושלים)', 52.924, 3.3, 9.3, 0.2, 0, 1.4),
(55, 'ארטישוק ירושלמי', 79.648, 2, 17.4, 0.1, 0, 0.5),
(56, 'ארטישוק ירושלמי מבושל', 78.024, 2, 17, 0.1, 0, 0.5),
(57, 'אשכולית ללא קליפה', 39.454, 0.5, 9, 0.1, 0, 0.2),
(58, 'אשכולית עם קליפה', 17.936, 0.3, 3.9, 0.1, 0, 0.2),
(59, 'אשל', 68.2, 3.5, 3.5, 4.5, 0.019, 0),
(60, 'בוטנים ללא קליפה', 586.366, 26, 11.3, 49.2, 0, 5),
(61, 'בוטנים קלויים', 556.186, 23.7, 16.4, 44.5, 0, 3),
(62, 'בורגול', 360.39, 12.5, 73, 1.5, 0, 2),
(63, 'בורגול מבושל', 88.246, 3.1, 18.2, 0.2, 0, 2),
(64, 'בורי אפוי/צלוי', 144.004, 24.8, 0, 4.9, 0.063, 0),
(65, 'בורי לא מבושל', 62.484, 10.6, 0, 2.2, 0.018, 0),
(66, 'בורקס בשר', 356.624, 17, 18.8, 23.9, 0.0635, 0.1),
(67, 'בורקס גבינה', 348.238, 18.8, 31.7, 16.2, 0.009, 0.1),
(68, 'בורקס פטריות', 297.402, 4.9, 27.2, 18.9, 0, 0.1),
(69, 'בורקס פיצה', 328.12, 10.8, 25.6, 20.4, 0, 0.1),
(70, 'בורקס תפוח אדמה', 275.44, 5.2, 30.2, 14.9, 0, 0.1),
(71, 'בורקס תרד', 295.824, 5.8, 27, 18.4, 0.0017, 0.2),
(72, 'בטטה אפויה עם קליפה', 103.196, 1.7, 23.5, 0.1, 0, 0.7),
(73, 'בטטה טרייה ללא קליפה', 106.326, 1.7, 23.4, 0.5, 0, 0.3),
(74, 'בטטה טרייה עם קליפה', 75.254, 1.2, 16.9, 0.2, 0, 0.7),
(75, 'בטטה מבושלת', 112.272, 1.5, 25.5, 0.3, 0, 0.3),
(76, 'בייגלה', 379.648, 9.8, 75, 4, 0, 3.2),
(77, 'ביסלי', 492.438, 10.3, 62, 22.5, 0, 0.3),
(78, 'ביסקוויטים', 414.15, 9.5, 74, 8.5, 0, 0.5),
(79, 'ביצה (חלבון)', 47.908, 10.8, 1, 0, 0, 0),
(80, 'ביצה (חלמון)', 355.148, 16, 1.8, 32, 1.281, 0),
(81, 'ביצה ללא קליפה', 157.688, 12.9, 0.9, 11.5, 0.425, 0),
(82, 'ביצה עם קליפה', 122.236, 10.6, 1, 8.5, 0.361, 0),
(83, 'ביצה קשה', 148.92, 12.5, 1.1, 10.6, 0.424, 0),
(84, 'ביצי דגים (קוויאר)', 255.212, 26.9, 3.3, 15, 0, 0),
(85, 'בירה לבנה', 36.134, 0.3, 8.6, 0, 0, 0),
(86, 'בירה שחורה', 33.698, 0.3, 8, 0, 0, 0),
(87, 'במבה', 565.9, 14, 47, 36, 0, 0.3),
(88, 'במבוק מבושל/משומר', 20.588, 1.7, 2.5, 0.4, 0, 0.8),
(89, 'במיה', 43.252, 2.4, 7.6, 0.3, 0, 1),
(90, 'במיה מבושלת', 30.522, 1.8, 5.5, 0.1, 0, 1),
(91, 'בננה עם קליפה', 60.304, 0.7, 13.5, 0.3, 0, 2),
(92, 'בננה ללא קליפה', 95.77, 1, 21.5, 0.5, 0, 2),
(93, 'בצל יבש', 43.514, 1.5, 9, 0.1, 0, 0.6),
(94, 'בצל ירוק', 35.394, 1.5, 7, 0.1, 0, 1.3),
(95, 'בצל מבושל', 46.022, 1.4, 9.5, 0.2, 0, 0.6),
(96, 'ברווז (לפני בישול)', 126.048, 18.2, 0, 5.9, 0.077, 0),
(97, 'ברווז (מבושל)', 194.012, 23.4, 0, 11.2, 0.089, 0),
(98, 'ברוקולי', 31.478, 3, 4.1, 0.3, 0, 1.4),
(99, 'ברוקולי מבושל', 31.072, 3, 4, 0.3, 0, 0.9),
(100, 'ברנדי*', 235, 0, 0, 0, 0, 0),
(101, 'ברנפלקס', 282.484, 12, 55.4, 1, 0, 1.1),
(102, 'בשר בקר טחון (לפני בישול)', 226.202, 18.7, 0, 17, 0.069, 0),
(103, 'בשר בקר טחון (מבושל)', 241.388, 24.4, 0, 16.1, 0.082, 0),
(104, 'בשר בקר מבושל', 339.296, 25, 0, 26.9, 0.091, 0),
(105, 'בשר בקר מבושל ללא שומן', 224.41, 33.5, 0, 10, 0.091, 0),
(106, 'בשר בקר לא מבושל', 279.674, 17.5, 0, 23.6, 0.07, 0),
(107, 'בשר בקר לא מבושל ללא שומן', 140.546, 20.9, 0, 6.3, 0.06, 0),
(108, 'בשר בקר משומר', 232.79, 22.5, 0, 16, 0.091, 0),
(109, 'בשר בקר צלוי', 322.5, 25, 0, 25, 0.091, 0),
(110, 'בשר הודו לא מבושל', 104.682, 22.3, 0, 1.6, 0.073, 0),
(111, 'בשר הודו (חזה צלוי)', 128.394, 30.1, 0, 0.7, 0.083, 0),
(112, 'בשר הודו (פסטרמה)', 98.52, 18, 3, 1.5, 0.03, 0),
(113, 'בשר הודו (פסטרמה דלת שומן)', 92.07, 18, 2.5, 1, 0.02, 0),
(114, 'בשר הודו צלוי', 144.784, 30, 0, 2.6, 0.098, 0),
(115, 'בשר טלה (שוק לפני בישול)', 193.566, 18.5, 0, 13.4, 0.067, 0),
(116, 'בשר טלה (שוק מבושל)', 216.8, 26.4, 0, 12.4, 0.09, 0),
(117, 'בשר כבש טחון (לפני בישול)', 273.846, 16.5, 0, 23.4, 0.073, 0),
(118, 'בשר כבש טחון (מבושל)', 273.546, 24.7, 0, 19.6, 0.097, 0),
(119, 'בשר כבש מבושל', 251.78, 25, 0, 17, 0.065, 0),
(120, 'בשר כבש (צלעות צלויות)', 316.31, 11.5, 0, 30.5, 0.065, 0),
(121, 'בשר לשון בקר מבושל', 274.148, 21.5, 0.3, 21, 0, 0),
(122, 'בשר עגל מבושל', 300.04, 26, 0, 22, 0.095, 0),
(123, 'בשר עוף לא מבושל', 114.288, 21.4, 0, 3.1, 0.07, 0),
(124, 'בשר עוף לא מבושל (חזה)', 104.394, 23.1, 0, 1.2, 0.058, 0),
(125, 'בשר עוף (חזה) מבושל', 144.26, 29, 0, 3, 0.075, 0),
(126, 'בשר עוף מבושל', 168.92, 26.8, 0, 6.8, 0.075, 0),
(127, 'בשר עוף (שוק ללא עור) מבושל', 162.038, 27.5, 0, 5.7, 0.088, 0),
(128, 'בשר עוף לא מבושל (קורקבנים)', 120.358, 20, 0.5, 4.2, 0.13, 0),
(129, 'בשר עוף (קורקבנים) מבושל', 149.446, 27, 1.1, 4, 0.194, 0),
(130, 'ג`בטה', 269.668, 8.8, 50, 3.5, 0, 0.1),
(131, 'גבינה בולגרית 5%', 115.25, 17, 0.5, 5, 0.016, 0),
(132, 'גבינה בולגרית 16%', 208.43, 16, 0.5, 16, 0.048, 0),
(133, 'גבינה בולגרית 24%', 277.12, 13, 3, 24, 0.072, 0),
(134, 'גבינה לבנה 0.5%', 60.042, 10.9, 2.8, 0.5, 0.002, 0),
(135, 'גבינה לבנה 5%', 100.228, 9.5, 4.3, 5, 0.015, 0),
(136, 'גבינה לבנה 9%', 134.37, 10.5, 3, 9, 0.03, 0),
(137, 'גבינה מותכת', 278.652, 13, 1.2, 25, 0.075, 0),
(138, 'גבינה צפתית 0.5%', 83.59, 19, 0.5, 0.5, 0.002, 0),
(139, 'גבינה צפתית 5%', 128.648, 18.2, 2.6, 5, 0.015, 0),
(140, 'גבינה צפתית 9%', 193.24, 25, 3, 9, 0.038, 0),
(141, 'גבינה צפתית 16%', 228.324, 18.5, 2.9, 16, 0.057, 0),
(142, 'גבינה צהובה 9%', 202.172, 30, 0.2, 9, 0.027, 0),
(143, 'גבינה צהובה 17%', 252.592, 25, 0.2, 17, 0.072, 0),
(144, 'גבינה צהובה 21%', 283.892, 24, 0.2, 21, 0.089, 0),
(145, 'גבינה צהובה 22%', 296.792, 25, 0.2, 22, 0.066, 0),
(146, 'גבינה צהובה 25%', 326.56, 24, 2, 25, 0.106, 0),
(147, 'גבינה צהובה 28%', 345.772, 24, 0.2, 28, 0.084, 0),
(148, 'גבינה צהובה 31%', 370.262, 23.5, 0.2, 31, 0.093, 0),
(149, 'גבינה קשה שמנה 21%', 291.2, 24, 2, 21, 0.089, 0),
(150, 'גבינה שוויצרית (אמנטל)', 282.092, 27.5, 1.7, 18.5, 0.03, 0),
(151, 'גבינת ברי', 329.65, 20.7, 0.4, 27.6, 0.1, 0),
(152, 'גבינה גאודה', 352.242, 24.9, 2.2, 27.4, 0.114, 0),
(153, 'גבינת מוצרלה', 244.38, 8, 13, 18, 0.057, 0),
(154, 'גבינת פטה', 261.3, 14.2, 4, 21.2, 0.089, 0),
(155, 'גבינת פרמזן מגוררת', 448.712, 41.5, 3.7, 30, 0.079, 0),
(156, 'גבינת פרמזן קשה', 386.006, 35.7, 3.2, 25.8, 0.068, 0),
(157, 'גבינת צ`דר', 392.5, 26.5, 0.5, 32, 0.096, 0),
(158, 'גבינת קממבר', 296.706, 17.5, 1.8, 24.7, 0.075, 0),
(159, 'גבינת קוטג` 0.5%', 67.35, 14, 1.5, 0.5, 0.002, 0),
(160, 'גבינת קוטג` 3%', 80.112, 10.3, 2.9, 3, 0.009, 0),
(161, 'גבינת קוטג` 5%', 92.92, 10.5, 1.5, 5, 0.015, 0),
(162, 'גבינת קוטג` 9%', 133.152, 12, 1.2, 9, 0.038, 0),
(163, 'גבינת קשקבל', 352.222, 24.5, 0.2, 28.5, 0.081, 0),
(164, 'גבינת רוקפור', 293.95, 22.5, 2, 22, 0.075, 0),
(165, 'גבינת ריקוטה 5%', 92.92, 9, 3, 5, 0.02, 0),
(166, 'גבינת שמנת 30%', 315.95, 12, 0.5, 30, 0.09, 0),
(167, 'גויאבה', 56.316, 1, 12, 0.4, 0, 5.5),
(168, 'גזר ללא קליפה', 42.368, 1, 9, 0.2, 0, 1),
(169, 'גזר מבושל', 39.932, 0.9, 8.5, 0.2, 0, 1),
(170, 'ג`חנון', 287.6, 6, 30, 16, 0, 0.1),
(171, 'ג`ין*', 231, 0, 0, 0, 0, 0),
(172, 'ג`לטין', 9.338, 2.3, 0, 0, 0, 0),
(173, 'ג`לי מוכן', 85.26, 0, 21, 0, 0, 0),
(174, 'גלידה דלת קלוריות', 70.886, 4.4, 11.1, 0.9, 0, 0),
(175, 'גלידה עם שומן צמחי', 195.964, 4.5, 23.3, 9.4, 0, 0),
(176, 'גלידת וניל', 207.266, 3.5, 23.6, 11, 0.044, 0),
(177, 'גלידת פירות עם שומן צמחי', 125.44, 0, 24.8, 2.8, 0, 0),
(178, 'גלידת שוקולד', 227.16, 3.8, 28.2, 11, 0.034, 0),
(179, 'גלידת שמנת', 222.38, 4, 29, 10, 0.027, 0),
(180, 'גלידת שרבט', 145.57, 1.1, 30.4, 2, 0.006, 0),
(181, 'גלידת תות', 199.304, 3.2, 27.6, 8.4, 0.029, 0),
(182, 'געפילטע פיש', 108.852, 7.2, 7.2, 5.7, 0.03, 0),
(183, 'גריסי פנינה', 365.714, 9.9, 78, 1, 0, 0.3),
(184, 'גריסי פנינה מבושלים', 126.482, 2.5, 28, 0.3, 0, 0.2),
(185, 'גרנולה', 492.326, 14.7, 53, 24.6, 0, 5.2),
(186, 'גרעיני אבטיח עם קליפה', 215.6, 10.5, 4.5, 17.5, 0, 4),
(187, 'גרעיני דלעת ללא קליפה', 535.71, 30, 10.5, 42, 0, 2.2),
(188, 'גרעיני דלעת עם קליפה', 409.788, 24.4, 8.6, 31.2, 0, 3.7),
(189, 'גרעיני חמניות ללא קליפה', 594.25, 23, 14.5, 50, 0, 5),
(190, 'גרעיני חמניות עם קליפה', 280.054, 8.9, 10, 23, 0, 4),
(191, 'דבש', 323.988, 0.3, 79.5, 0, 0, 0),
(192, 'דג אנשובי בשמן (משומר)', 203.082, 28.9, 0, 9.7, 0, 0),
(193, 'דג בורי אפוי/צלוי', 144.004, 24.8, 0, 4.9, 0.063, 0),
(194, 'דג בורי לא מבושל', 62.484, 10.6, 0, 2.2, 0.018, 0),
(195, 'דג בקלה לא מבושל', 77.788, 17.2, 0, 0.9, 0.025, 0),
(196, 'דג - געפילטע פיש', 108.852, 7.2, 7.2, 5.7, 0.03, 0),
(197, 'דג הליבוט אפוי/צלוי', 134.038, 26.7, 0, 2.9, 0.041, 0),
(198, 'דג טונה אפוי/ צלוי', 177.492, 30, 0, 6.3, 0.049, 0),
(199, 'דג טונה במים (משומר)', 110.602, 25.5, 0, 0.8, 0.03, 0),
(200, 'דג טונה בשמן (משומר)', 190.228, 29, 0, 8.2, 0.018, 0),
(201, 'דג לוקוס אפוי/צלוי', 112.18, 24.8, 0, 1.3, 0.047, 0),
(202, 'דג מליח (הרינג) כבוש', 216.772, 14.2, 0, 18, 0.013, 0),
(203, 'דג מקרל משומר', 149.884, 23.2, 0, 6.3, 0.079, 0),
(204, 'דגני בוקר ``אול בראן``', 267.756, 12.2, 47, 3.1, 0, 2.8),
(205, 'דגני בוקר ברנפלקס', 282.484, 12, 55.4, 1, 0, 1.1),
(206, 'דגני בוקר ``פייבר 1``', 207.452, 9.2, 35.8, 2.8, 0, 47),
(207, 'דגני בוקר ``טריקס``', 414.498, 3.1, 86.8, 5.6, 0, 0),
(208, 'דגני בוקר עם קקאו', 392.13, 3.9, 89.2, 1.6, 0, 0),
(209, 'דגני בוקר קורנפלקס', 380.232, 8, 85, 0.3, 0, 0.7),
(210, 'דג נסיכת הנילוס לא מבושל', 88.534, 20.5, 0, 0.6, 0.05, 0),
(211, 'דג סול אפוי', 194.288, 30, 0, 8.2, 0.05, 0),
(212, 'דג סלמון אפוי/צלוי', 174.728, 25.4, 0, 8.1, 0.071, 0),
(213, 'דג סלמון במים (משומר)', 134.24, 20, 0, 6, 0.05, 0),
(214, 'דג סלמון מעושן', 112.31, 18.3, 0, 4.3, 0.023, 0),
(215, 'דג סרדין בשמן (משומר)', 203.16, 25, 0, 11.5, 0.142, 0),
(216, 'דג פורל לא מבושל', 103.038, 19.5, 0, 2.7, 0.056, 0),
(217, 'דג קרפיון לא מבושל', 122.584, 18, 0, 5.6, 0.066, 0),
(218, 'דג קרפיון מבושל', 156.622, 22.9, 0, 7.2, 0.084, 0),
(219, 'דובדבנים ללא גרעין (משומר)', 81.678, 0.7, 19.2, 0.1, 0, 0.8),
(220, 'דובדבנים עם גבעולים', 70.886, 1, 14.5, 0.9, 0, 1),
(221, 'דייסת אורז עם חלב', 91.454, 2.1, 15.2, 2.4, 0.007, 1),
(222, 'דייסת סולת', 82.45, 2.2, 13.1, 2.3, 0.007, 1),
(223, 'דלורית', 52.924, 1, 11.6, 0.2, 0, 0.5),
(224, 'דלעת', 31.17, 1, 4.5, 1, 0, 0.5),
(225, 'דלעת מבושלת', 29.14, 1, 4, 1, 0, 0.5),
(226, 'הודו לא מבושל', 104.682, 22.3, 0, 1.6, 0.073, 0),
(227, 'הודו (חזה צלוי)', 128.394, 30.1, 0, 0.7, 0.083, 0),
(228, 'הודו (פסטרמה)', 98.52, 18, 3, 1.5, 0.03, 0),
(229, 'הודו צלוי', 144.784, 30, 0, 2.6, 0.098, 0),
(230, 'המבורגר', 228.14, 15, 2, 18, 0.06, 0),
(231, 'המבורגר בלחמניה', 308.404, 16.5, 23.1, 16.7, 0.052, 0.1),
(232, 'המבורגר צמחי', 261.44, 21.3, 13.7, 13.5, 0, 0),
(233, 'וודקה*', 231, 0, 0, 0, 0, 0),
(234, 'וופלים', 529.1, 7, 58, 30, 0, 0.2),
(235, 'ויסקי*', 250, 0, 0, 0, 0, 0),
(236, 'ורמוט יבש*', 121, 0, 0, 0, 0, 0),
(237, 'ורמוט מתוק*', 191, 0, 0, 0, 0, 0),
(238, 'זיתים ירוקים כבושים עם גרעינים', 88.754, 0.7, 2, 8.8, 0, 4),
(239, 'זיתים ירוקים כבושים מגולענים', 125.522, 1.2, 2.5, 12.5, 0, 2.5),
(240, 'זיתים שחורים כבושים עם גרעינים', 88.538, 0.7, 2.6, 8.5, 0, 4),
(241, 'זיתים שחורים כבושים מגולענים', 114.698, 1, 3.3, 11, 0, 3.5),
(242, 'זנגויל (שורש חי ללא קליפה)', 69.93, 1.7, 14, 0.7, 0, 1),
(243, 'זנגויל (שורש חי עם קליפה)', 65.464, 1.6, 13, 0.7, 0, 1),
(244, 'חבושים', 64.626, 0.4, 15.3, 0.1, 0, 5),
(245, 'חבושים מבושלים', 71.122, 0.3, 17, 0.1, 0, 4),
(246, 'חביתה', 146.654, 10.3, 1, 11.4, 0.35, 0),
(247, 'חביתיה (פנקייק)', 226.63, 6.4, 28.3, 9.7, 0.059, 0.1),
(248, 'חומוס יבש (גרגירים)', 373.322, 20.5, 61, 4.8, 0, 2.5),
(249, 'חומוס מבושל (גרגירים)', 161.024, 9, 25, 2.6, 0, 2),
(250, 'חומוס (סלט)', 334.456, 6.6, 12.2, 29.2, 0, 1.5),
(251, 'חומץ טבעי', 239.54, 0, 59, 0, 0, 0),
(252, 'חזה הודו צלוי', 128.394, 30.1, 0, 0.7, 0.083, 0),
(253, 'חזה עוף לא מבושל', 104.394, 23.1, 0, 1.2, 0.058, 0),
(254, 'חזה עוף מבושל', 144.26, 29, 0, 3, 0.075, 0),
(255, 'חזרת', 74.722, 1.5, 5.8, 5.1, 0, 8.5),
(256, 'חטיף גרנולה', 477.502, 10.1, 64.4, 19.8, 0, 3),
(257, 'חטיף גרנולה ובוטנים', 479.466, 11, 60.5, 21.4, 0, 3),
(258, 'חטיף גרנולה ושוקולד צ`יפס', 439.66, 7.3, 65.5, 16.3, 0, 1),
(259, 'חטיף גרנולה ושקדים', 495.41, 7.7, 58.8, 25.5, 0, 3),
(260, 'חטיף טוויקס', 499.012, 4.6, 65.4, 24.3, 0.005, 0),
(261, 'חטיף טעמי', 518.82, 6, 63, 27, 0.009, 0),
(262, 'חטיף כיף כיף', 537.22, 8, 59, 30, 0.022, 0),
(263, 'חטיף מקופלת', 533.16, 8, 58, 30, 0.021, 0),
(264, 'חטיף סניקרס', 480.572, 8, 59.2, 23.5, 0.013, 0),
(265, 'חטיף פסק זמן', 551.56, 8, 56, 33, 0.016, 0),
(266, 'חטיף קיט קט', 514.086, 7.1, 64, 25.5, 0.006, 0),
(267, 'חיטה יבשה', 357.05, 12.5, 70, 2.5, 0, 2.3),
(268, 'חיטה מלאה מבושלת', 181.03, 6.5, 37, 0.5, 0, 1),
(269, 'חילבה', 369, 30, 50, 5, 0, 7.5),
(270, 'חלבת שומשום', 533.16, 11.5, 54.5, 30, 0, 1.2),
(271, 'חלב כבשים', 106.9, 5.5, 4.5, 7.5, 0.02, 0),
(272, 'חלב סויה', 57.448, 4.2, 3.2, 3.1, 0, 0),
(273, 'חלב עזים', 66.622, 3.2, 4.5, 4, 0.01, 0),
(274, 'חלב עמיד דל לקטוז', 56.97, 2.9, 4.6, 3, 0.009, 0),
(275, 'חלב פרה 3%', 58.188, 2.9, 4.9, 3, 0.013, 0),
(276, 'חלב פרה 1%', 40.508, 3, 4.8, 1, 0.004, 0),
(277, 'חמאה', 728.94, 0.9, 0.1, 82, 0.22, 0),
(278, 'חמאת בוטנים', 619.56, 26, 21, 48.5, 0, 2),
(279, 'חסה', 18.008, 2, 2, 0.2, 0, 0.7),
(280, 'חצילים ללא קליפה', 28.492, 1.2, 5.6, 0.1, 0, 1.5),
(281, 'חצילים מבושלים', 27.752, 0.8, 5.6, 0.2, 0, 1.5),
(282, 'חצילים בטחינה (סלט)', 221.008, 4.3, 5.5, 20.5, 0.8, 2),
(283, 'חצילים במיונז (סלט)', 266.386, 1, 4.3, 27.7, 0.017, 0.5),
(284, 'חציל פיקנטי (סלט)', 195.608, 1.8, 9.8, 16.8, 0, 1),
(285, 'חציל רומני (סלט)', 108.314, 1.4, 5.9, 8.9, 0, 1),
(286, 'חרדל', 66.282, 4.7, 6.4, 2.4, 0, 1),
(287, 'חרובים', 208.644, 6.8, 39.8, 2.2, 0, 9.5),
(288, 'טבעות עוף', 214.98, 13, 16, 11, 0.015, 0),
(289, 'טוויקס (חטיף)', 499.012, 4.6, 65.4, 24.3, 0.005, 0),
(290, 'טונה במים (משומר)', 110.602, 25.5, 0, 0.8, 0, 0),
(291, 'טונה בשמן (משומר)', 190.228, 29, 0, 8.2, 0, 0),
(292, 'טוסט (לחם קלוי)', 386.78, 12.5, 79.5, 1.5, 0, 2.4),
(293, 'טופו', 83.032, 8.1, 1.9, 4.8, 0, 0),
(294, 'טופי חלב (סוכריות)', 534.934, 29, 77.5, 11.6, 0.015, 0),
(295, 'טחינה', 615.76, 17, 16, 54.5, 0, 10.4),
(296, 'טחינה (סלט מוכן)', 331.784, 10.7, 5.7, 30, 0, 3),
(297, 'טחינה מלאה (סלט מוכן)', 293.49, 9.5, 4, 27, 0, 6),
(298, 'טלה (שוק לפני בישול)', 193.566, 18.5, 0, 13.4, 0.067, 0),
(299, 'טלה (שוק מבושל)', 216.8, 26.4, 0, 12.4, 0.09, 0),
(300, 'טעמי (חטיף)', 518.82, 6, 63, 27, 0.009, 0),
(301, 'טריקס (דגני בוקר)', 414.498, 3.1, 86.8, 5.6, 0, 0),
(302, 'יוגורט 0%', 39.382, 4.7, 5, 0, 0, 0),
(303, 'יוגורט 1.5%', 51.83, 4.8, 4.7, 1.5, 0.006, 0),
(304, 'יוגורט 3%', 64.684, 4.7, 4.7, 3, 0.012, 0),
(305, 'יוגורט 4.5%', 67.388, 3.3, 3.5, 4.5, 0.0135, 0),
(306, 'יוגורט פירות 0%', 40.6, 2.5, 7.5, 0, 0, 0),
(307, 'יוגורט פירות 1.5%', 102.986, 2.6, 19.5, 1.5, 0, 0),
(308, 'יוגורט פירות 3%', 90.262, 3.2, 12.5, 3, 0, 0),
(309, 'יין מתוק*', 153, 0, 0, 0, 0, 0),
(310, 'יין שולחן*', 78, 0, 0, 0, 0, 0),
(311, 'יין שולחן יבש*', 84, 0, 0, 0, 0, 0),
(312, 'יין תוסס (שמפניה)*', 80, 0, 0, 0, 0, 0),
(313, 'כבד אווז', 128.884, 16.3, 6.3, 4.2, 0.515, 0),
(314, 'כבד אווז (ממרח)', 452.152, 11.4, 4.6, 43.8, 0.15, 0),
(315, 'כבד בקר צלוי', 152.648, 24.4, 3.4, 4.5, 0.389, 0),
(316, 'כבד כבש מטוגן', 250.57, 32, 2.5, 12.5, 0.25, 0),
(317, 'כבד כבש צלוי', 165.28, 28, 4, 4, 0.25, 0),
(318, 'כבד עגל מטוגן', 265.86, 29, 6, 14, 0.25, 0),
(319, 'כבד עגל צלוי', 174.12, 26.5, 5.5, 5, 0.25, 0),
(320, 'כבד עוף צלוי', 151.338, 24.4, 0.9, 5.5, 0.631, 0),
(321, 'כבש (בשר טחון לפני בישול)', 273.846, 16.5, 0, 23.4, 0.073, 0),
(322, 'כבש (בשר טחון מבושל)', 273.546, 24.7, 0, 19.6, 0.097, 0),
(323, 'כבש מבושל', 251.78, 25, 0, 17, 0.065, 0),
(324, 'כבש (צלעות צלויות)', 316.31, 11.5, 0, 30.5, 0.065, 0),
(325, 'כוסברה', 22.356, 2.4, 1.8, 0.6, 0, 1.5),
(326, 'כוסמת לא מבושלת', 368.254, 13.3, 70, 3.4, 0, 1),
(327, 'כוסמת מבושלת', 117.288, 3.8, 24, 0.5, 0, 0.5),
(328, 'כיף כיף (חטיף)', 537.22, 8, 59, 30, 0.022, 0),
(329, 'כנפי עוף צלויים', 280.304, 26.8, 0, 19.4, 0.084, 0),
(330, 'כרוב', 22.88, 1.2, 4, 0.2, 0, 0.9),
(331, 'כרוב אדום', 29.042, 1.5, 5, 0.3, 0, 2.5),
(332, 'כרוב אדום מבושל', 22.474, 1.1, 4, 0.2, 0, 1.5),
(333, 'כרוב כבוש', 21.662, 0.9, 4, 0.2, 0, 0.9),
(334, 'כרוב מבושל', 23.764, 1, 4.2, 0.3, 0, 0.7),
(335, 'כרוב ניצנים מבושל', 46.238, 3, 7.3, 0.5, 0, 1.5),
(336, 'כרובית', 23.214, 1.5, 4, 0.1, 0, 0.6),
(337, 'כרובית מבושלת', 24.838, 1.9, 4, 0.1, 0, 0.4),
(338, 'כרישה', 59.898, 1.5, 12.6, 0.3, 0, 1),
(339, 'כרישה מבושלת', 35.466, 0.8, 7.5, 0.2, 0, 0.8),
(340, 'כתף בקר מעושן', 98.88, 17, 3, 2, 0.045, 0),
(341, 'לבבות דקל (משומר)', 34.2112, 2.52, 4.6, 0.6, 0, 0.7),
(342, 'לבבות עוף (לפני בישול)', 147.984, 15.5, 0.7, 9.3, 0.136, 0),
(343, 'לבבות עוף (מבושלים)', 177.426, 26.4, 0.1, 7.9, 0.242, 0),
(344, 'לבן 1.5%', 47.77, 3.5, 5, 1.5, 0.006, 0),
(345, 'לבן 3%', 59, 3.5, 4.5, 3, 0.012, 0),
(346, 'לוביה מבושלת', 117.288, 8.3, 19.5, 0.5, 0, 4.5),
(347, 'לוקוס אפוי/צלוי', 112.18, 24.8, 0, 1.3, 0.047, 0),
(348, 'לחם אחיד', 252.44, 9, 51, 1, 0, 0.7),
(349, 'לחם איטלקי- ג`בטה', 269.668, 8.8, 50, 3.5, 0, 0.1),
(350, 'לחם חיטה מלאה', 250.77, 9.5, 49, 1.5, 0, 3),
(351, 'לחם (חלה)', 257.082, 8.2, 47.5, 3.5, 0, 0.2),
(352, 'לחם לבן', 252.558, 8.9, 52, 0.6, 0, 0.2),
(353, 'לחם מטוגן (פרנץ` טוסט)', 228.234, 7.7, 25, 10.8, 0.116, 0.1),
(354, 'לחמניה', 296.28, 9, 52, 5.5, 0, 0.1),
(355, 'לחמניה מחיטה מלאה', 268.908, 8.7, 47.3, 4.7, 0, 3),
(356, 'לחם פומפרניקל', 255.576, 8.7, 47.5, 3.1, 0, 6.5),
(357, 'לחם קל', 203.36, 10, 39, 0.5, 0, 9.7),
(358, 'לחם קלוי', 386.78, 12.5, 79.5, 1.5, 0, 2.5),
(359, 'לחם שיפון', 259.78, 8.5, 48.3, 3.3, 0, 5.8),
(360, 'לימון ללא קליפה', 41.15, 0.8, 8.9, 0.2, 0, 3.5),
(361, 'ליצ`י ללא קליפה', 65.248, 1, 14.2, 0.4, 0, 0.2),
(362, 'לפת ללא קליפה', 29.304, 1, 6, 0.1, 0, 1.5),
(363, 'לפת מבושלת', 26.462, 0.8, 5.5, 0.1, 0, 1.5),
(364, 'לשון בקר (לפני בישול)', 216.55, 14.9, 3.6, 16, 0.087, 0),
(365, 'לשון בקר מבושלת', 274.148, 21.5, 0.3, 21, 0.107, 0),
(366, 'לתת (אבקה)', 384.226, 13.1, 77.4, 1.9, 0, 6.5),
(367, 'מאפין', 233.934, 7.7, 46, 1.8, 0, 0.1),
(368, 'מאפין מחיטה מלאה', 206.28, 8.8, 37, 2.3, 0, 1),
(369, 'מאפין צימוקים וקינמון', 252.04, 7.5, 48.7, 2.7, 0, 0.1),
(370, 'מוסקה', 136.426, 8.4, 4.3, 9.6, 0.06, 0.5),
(371, 'מוצרלה', 244.38, 8, 13, 18, 0.057, 0),
(372, 'מחית תפו``א (פירה)', 85.312, 2.3, 16.1, 1.2, 0.002, 1),
(373, 'מטבוחה', 69.798, 1.4, 7.3, 3.9, 0, 0),
(374, 'מיונז', 649.662, 1, 2.9, 71.7, 0.054, 0),
(375, 'מילקי', 113.22, 2, 15, 5, 0.015, 0),
(376, 'מילקי קל', 95.402, 2.2, 11.5, 4.5, 0.013, 0),
(377, 'מילקשייק וניל', 113.404, 3.5, 17.9, 3, 0.011, 0),
(378, 'מילקשייק שוקולד', 129.336, 3.4, 20.4, 3.7, 0.013, 0),
(379, 'מילקשייק תות', 115.29, 3.4, 18.9, 2.8, 0.011, 0),
(380, 'מיסו (ממרח סויה)', 154.77, 12, 18.5, 3.5, 0, 1.5),
(381, 'מיץ אננס משומר', 51.228, 0.4, 12, 0.1, 0, 0),
(382, 'מיץ גזר', 41.89, 0.9, 9.2, 0.1, 0, 0),
(383, 'מיץ לימון טרי', 36.54, 0.4, 8.6, 0, 0, 0),
(384, 'מיץ לימון משומר', 30.666, 0.4, 6.5, 0.3, 0, 0),
(385, 'מיץ מנדרינות טרי', 44.398, 0.5, 10, 0.2, 0, 0),
(386, 'מיץ עגבניות משומר', 18.748, 0.7, 3.7, 0.1, 0, 0),
(387, 'מיץ רימונים', 63.408, 0.4, 15, 0.1, 0, 0),
(388, 'מיץ תפוזים טרי', 43.92, 0.8, 9.8, 0.1, 0, 0),
(389, 'מיץ תפוחים', 50.01, 0.1, 12, 0.1, 0, 0),
(390, 'מלאווח', 325.594, 6.4, 40.7, 15.2, 0, 0.1),
(391, 'מלון ללא קליפה', 38.786, 0.9, 8, 0.3, 0, 0.2),
(392, 'מלפפון', 11.846, 0.7, 2, 0.1, 0, 0.5),
(393, 'מלפפון חמוץ', 20.038, 0.5, 4, 0.2, 0, 0.5),
(394, 'ממליגה', 50.416, 1.2, 11, 0.1, 0, 4.3),
(395, 'ממרח סויה- מיסו', 154.77, 12, 18.5, 3.5, 0, 1.5),
(396, 'מנגו', 65.582, 0.5, 15, 0.3, 0, 1),
(397, 'מנדרינה ללא קליפה', 48.864, 0.6, 11, 0.2, 0, 0.3),
(398, 'מנדרינה עם קליפה', 34.582, 0.5, 7.8, 0.1, 0, 0.3),
(399, 'מעדן חלב 0%', 40.6, 3, 7, 0, 0, 0),
(400, 'מעדן חלב 1.5%', 94.054, 3.4, 16.5, 1.5, 0.006, 0),
(401, 'מעדן חלב 3%', 110.156, 2.6, 18, 3, 0.009, 0),
(402, 'מצות', 382.72, 12, 79, 1.5, 0, 0.5),
(403, 'מצה קלה', 319.796, 13.5, 58.3, 3.2, 0, 0.5),
(404, 'מקופלת (חטיף)', 533.16, 8, 58, 30, 0.021, 0),
(405, 'מקרוני (לפני בישול)', 365.858, 12.5, 75, 1.2, 0, 2.3),
(406, 'מקרוני (מבושל)', 155.786, 5, 32.5, 0.4, 0, 1.2),
(407, 'מקרל משומר', 149.884, 23.2, 0, 6.3, 0.079, 0),
(408, 'מרגרינה לאפיה ובישול', 742.56, 0, 0, 84, 0, 0),
(409, 'מרגרינה למריחה ובישול', 716.04, 0, 0, 81, 0, 0),
(410, 'מרגרינה מופחתת שומן', 346.646, 0.5, 0.4, 38.8, 0, 0),
(411, 'מרגרינה עם חלב', 734.984, 0.4, 1, 82.5, 0, 0),
(412, 'מרציפן', 440.056, 12, 37.6, 27, 0, 6),
(413, 'מרק אספרגוס מוקרם', 70.106, 1.8, 8.5, 3.2, 0.004, 0.1),
(414, 'מרק אפונה', 127.444, 6.5, 20.1, 2.2, 0, 0.1),
(415, 'מרק אפונה (אבקה)', 315.76, 15, 41, 10, 0, 0.3),
(416, 'מרק בצל', 51.352, 3, 6.6, 1.4, 0, 0.1),
(417, 'מרק בצל (אבקה)', 368.972, 13.9, 53.9, 10.6, 0, 0.3),
(418, 'מרק בצל מוקרם', 88.284, 2.2, 10.4, 4.2, 0.012, 0.3),
(419, 'מרק בשר (אבקה)', 282.56, 8, 42, 9, 0, 0),
(420, 'מרק בשר (קוביות נמס)', 332.06, 5, 18, 27, 0, 0),
(421, 'מרק גספצ`ו', 19.966, 2.9, 1.8, 0.1, 0, 0),
(422, 'מרק ירקות', 59.544, 1.7, 9.7, 1.5, 0, 0),
(423, 'מרק ירקות (אבקה)', 377.74, 8, 60, 11.5, 0, 0.3),
(424, 'מרק מינסטרונה', 68.43, 3.4, 9.1, 2, 0, 0),
(425, 'מרק סלרי מוקרם', 72.594, 1.3, 7, 4.4, 0.011, 0),
(426, 'מרק עגבניות', 73.348, 1.6, 13.2, 1.5, 0, 0),
(427, 'מרק עגבניות (אבקה)', 361.73, 4.5, 65, 9, 0, 0.3),
(428, 'מרק עוף', 29.546, 4.4, 0.7, 1, 0.001, 0),
(429, 'מרק עוף (אבקה)', 289.96, 9, 45, 8, 0, 0),
(430, 'מרק עוף עם אטריות', 59.76, 3.2, 7.6, 1.8, 0.005, 0),
(431, 'מרק עוף עם ירקות', 60.526, 2.9, 7, 2.3, 0.007, 0),
(432, 'מרק עוף (קוביות נמס)', 355.7, 5, 26, 26, 0, 0),
(433, 'מרק פטריות מוקרם', 102.84, 1.6, 7.4, 7.5, 0.001, 0),
(434, 'מרק פטריות (אבקה)', 360.91, 10.5, 49, 13.5, 0, 0.3),
(435, 'מרק שעועית', 93.504, 4.8, 15.4, 1.3, 0, 0),
(436, 'מרק תפו``א מוקרם', 58.136, 1.3, 9.1, 1.8, 0.005, 0),
(437, 'מרשמלו', 328.86, 4, 77, 0, 0, 0),
(438, 'משמש ללא גרעין', 58.346, 1, 12.5, 0.4, 0, 1),
(439, 'משמש עם גרעין', 48.196, 1.3, 9.7, 0.4, 0, 1),
(440, 'משמש מיובש', 258.17, 3.7, 58.8, 0.5, 0, 3.8),
(441, 'משקה קל תוסס', 42.63, 0, 10.5, 0, 0, 0),
(442, 'משקה קל תוסס (דיאטטי)', 0.5, 0, 0, 0, 0, 0),
(443, 'משקה קל בטעם פירות', 41.006, 0.1, 10, 0, 0, 0),
(444, 'משקה קל בטעם פירות (דיאטטי)', 8.526, 0.1, 2, 0, 0, 0),
(445, 'נבטי חיטה', 392.088, 25.3, 49.5, 10, 0, 2.5),
(446, 'נסיכת הנילוס לא מבושל', 88.534, 20.5, 0, 0.6, 0.05, 0),
(447, 'נקטרינה (אפרשזיף) ללא גרעין', 54.358, 0.9, 11.4, 0.5, 0, 0.4),
(448, 'נקטרינה (אפרשזיף) עם גרעין', 49.008, 0.9, 10.3, 0.4, 0, 1.4),
(449, 'נבטים', 30.954, 4, 2.1, 0.7, 0, 0),
(450, 'נקניק', 241.76, 14, 2, 20, 0.052, 0),
(451, 'נקניק יבש', 435.26, 27.5, 3.5, 35, 0.01, 0),
(452, 'נקניקיות סויה', 209.02, 17, 4, 14, 0, 7),
(453, 'נקניקיות עוף והודו', 245.82, 12, 5, 20, 0.055, 0),
(454, 'נקניקיות עוף', 249.88, 10, 8, 20, 0.06, 0),
(455, 'נקניקייה צמחית', 222.64, 14, 6, 16, 0, 0),
(456, 'סברס ללא קליפה', 45.02, 0.5, 9.5, 0.5, 0, 1.8),
(457, 'סובין', 368.378, 16, 64.5, 4.7, 0, 10.5),
(458, 'סויה נבוטה', 268.102, 28.1, 24, 6.4, 0, 0),
(459, 'סויה פולים יבשים', 434.84, 36.5, 32.5, 17.5, 0, 8.5),
(460, 'סויה פולים מבושלים', 183.496, 16.6, 9, 9, 0, 1.5),
(461, 'סוכריות', 399.648, 0, 98, 0.2, 0, 0),
(462, 'סוכריות ג`לי', 373.474, 0, 90.9, 0.5, 0, 0),
(463, 'סוכריות ללא סוכר', 239.54, 0, 59, 0, 0, 0),
(464, 'סוכריות חמאה', 402.024, 0.1, 91.3, 3.5, 0.009, 0),
(465, 'סוכריות טופי חלב', 388.258, 1.3, 78, 7.5, 0.015, 0),
(466, 'סוכריות קרמל', 448.79, 3, 82.5, 11.5, 0, 0),
(467, 'סולת', 359.67, 10.5, 77, 0.5, 0, 0.1),
(468, 'סולת מבושלת', 49.604, 1.4, 10.6, 0.1, 0, 0.1),
(469, 'סופגניה', 425.18, 6.5, 52.5, 21, 0, 0.3),
(470, 'סחוג', 77.296, 3.2, 8, 3.6, 0, 1),
(471, 'סטייק עוף צלוי', 128.02, 22, 3, 3, 0.06, 0),
(472, 'סטייק בקר צלוי', 322.5, 25, 0, 25, 0, 0),
(473, 'סירופ מייפל', 266.48, 0, 65.2, 0.2, 0, 0),
(474, 'סירופ שוקולד', 144.418, 1.8, 32.9, 0.4, 0, 0),
(475, 'סלט חומוס', 334.456, 6.6, 12.2, 29.2, 0, 3.5),
(476, 'סלט חצילים בטחינה', 221.008, 4.3, 5.5, 20.5, 0.8, 2),
(477, 'סלט חצילים במיונז', 266.386, 1, 4.3, 27.7, 0.017, 0.5),
(478, 'סלט חציל פיקנטי', 195.608, 1.8, 9.8, 16.8, 0, 0.1),
(479, 'סלט חציל רומני', 108.314, 1.4, 5.9, 8.9, 0, 0.1),
(480, 'סלט טורקי', 68.646, 1.9, 10, 2.3, 0, 0.5),
(481, 'סלט טחינה (מוכן)', 331.784, 10.7, 5.7, 30, 0, 3),
(482, 'סלט טחינה מלאה (מוכן)', 293.49, 9.5, 4, 27, 0, 6),
(483, 'סלט ירקות', 38.458, 0.7, 4.2, 2.1, 0, 0.6),
(484, 'סלט כרוב', 78.2, 1.2, 12.4, 2.6, 0, 0.5),
(485, 'סלט מטבוחה', 69.798, 1.4, 7.3, 3.9, 0, 0.7),
(486, 'סלט פירות', 103.34, 0.8, 24, 0.3, 0, 0.7),
(487, 'סלט פירות משומר בסירופ', 93.38, 0.3, 22.7, 0, 0, 0.5),
(488, 'סלמון אפוי/צלוי', 174.728, 25.4, 0, 8.1, 0.071, 0),
(489, 'סלמון במים (משומר)', 134.24, 20, 0, 6, 0.05, 0),
(490, 'סלמון מעושן', 112.31, 18.3, 0, 4.3, 0.023, 0),
(491, 'סלמי', 435.26, 27.5, 3.5, 35, 0.01, 0),
(492, 'סלק ללא קליפה', 41.484, 1.5, 8.5, 0.1, 0, 2),
(493, 'סלק מבושל', 30.928, 1.5, 5.9, 0.1, 0, 2.5),
(494, 'סלק עלים מבושלים', 30.188, 2.6, 4.4, 0.2, 0, 0.8),
(495, 'סלרי (גבעולים)', 15.906, 0.8, 2.9, 0.1, 0, 0.7),
(496, 'סלרי (גבעולים) מבושל', 16.718, 0.8, 3.1, 0.1, 0, 0.9),
(497, 'סלרי (שורש) מבושל', 26.128, 1, 5, 0.2, 0, 0.9),
(498, 'סניקרס (חטיף)', 480.572, 8, 59.2, 23.5, 0.013, 0),
(499, 'סרדינים בשמן (משומר)', 203.16, 25, 0, 11.5, 0.142, 0),
(500, 'עגבניות', 20.85, 1, 3.7, 0.2, 0, 0.5),
(501, 'עגבניות מבושלות', 28.302, 1.1, 5, 0.4, 0, 0.5),
(502, 'עגבניות (רסק)', 87.126, 3.5, 16, 0.9, 0, 1.5),
(503, 'עדשים יבשים', 347.85, 28, 55.5, 1, 0, 3.8),
(504, 'עדשים יבשים מבושלים', 113.418, 9, 18.5, 0.2, 0, 2.8),
(505, 'עוגה אנגלית', 381.7, 4, 53, 17, 0.077, 0.1),
(506, 'עוגה עם קצפת ופרי', 347.204, 6.1, 48.5, 14.2, 0.003, 0.1),
(507, 'עוגיות ביסקוויט', 450.852, 6.9, 74.1, 13.8, 0, 0),
(508, 'עוגיות בראוניז', 407.586, 4, 60.9, 16.3, 0.017, 0.1),
(509, 'עוגיות חמאה', 470.692, 6.1, 68.9, 18.8, 0.117, 0),
(510, 'עוגיות סנדוויץ', 473.206, 4.7, 67, 20.6, 0, 0),
(511, 'עוגיות שוקולד צ`יפס', 475.654, 5.4, 59.5, 24, 0.05, 0.1),
(512, 'עוגיות שיבולת שועל', 455.978, 6.2, 66.7, 18.1, 0, 0.3),
(513, 'עוגת גבינה', 310.65, 12.5, 27, 17, 0, 0),
(514, 'עוגת ספוג', 293.858, 5.4, 61.1, 2.7, 0.0102, 0.1),
(515, 'עוגת פירות', 337.99, 4.5, 45, 15.5, 0, 0.1),
(516, 'עוגת שוקולד', 396.04, 5, 49, 20, 0.089, 0),
(517, 'עוגת שוקולד צ`יפס', 416.032, 4.9, 52.5, 20.7, 0.066, 0),
(518, 'עוגת שיש', 409.032, 5.1, 52.1, 20, 0.071, 0.1),
(519, 'עוגת שמרים', 330.298, 6.5, 57, 8.2, 0, 0.1),
(520, 'עוגת שמרים ואגוזים', 388.072, 7, 54.4, 15.7, 0.048, 0.3),
(521, 'עוגת שמרים ופרג', 392.57, 7.5, 50, 18, 0.045, 0.1),
(522, 'עוגת שמרים ושוקולד', 389.742, 7.1, 55.8, 15.2, 0.046, 0.1),
(523, 'עולש', 11.846, 1.2, 1.5, 0.1, 0, 1.5),
(524, 'עוף לא מבושל', 114.288, 21.4, 0, 3.1, 0.07, 0),
(525, 'עוף לא מבושל (חזה)', 104.394, 23.1, 0, 1.2, 0.058, 0),
(526, 'עוף (חזה) מבושל', 144.26, 29, 0, 3, 0.075, 0),
(527, 'עוף (כנפיים צלויות)', 280.304, 26.8, 0, 19.4, 0.084, 0),
(528, 'עוף (לבבות לפני בישול)', 147.984, 15.5, 0.7, 9.3, 0.136, 0),
(529, 'עוף (לבבות מבושלים)', 177.426, 26.4, 0.1, 7.9, 0.242, 0),
(530, 'עוף מבושל', 168.92, 26.8, 0, 6.8, 0.075, 0),
(531, 'עוף (שוק ללא עור) מבושל', 162.038, 27.5, 0, 5.7, 0.088, 0),
(532, 'עוף לא מבושל (קורקבנים)', 120.358, 20, 0.5, 4.2, 0.13, 0),
(533, 'עוף (קורקבנים) מבושל', 149.446, 27, 1.1, 4, 0.194, 0),
(534, 'עירית', 24.458, 3.3, 1.2, 0.7, 0, 3.2),
(535, 'עלי גפן ממולאים', 167.026, 2.3, 13.8, 11.5, 0, 1),
(536, 'ענבים', 67.874, 0.5, 16, 0.1, 0, 0.5),
(537, 'ערמונים ללא קליפה', 195.96, 3, 42, 1.5, 0, 1.4),
(538, 'ערמונים קלויים ללא קליפה', 239.5, 3.2, 51, 2.2, 0, 1.4),
(539, 'פאי דובדבנים', 266.948, 2, 39.8, 11, 0, 0.2),
(540, 'פאי לימון', 274.63, 1.5, 47.2, 8.7, 0.045, 0.1),
(541, 'פאי פקאן', 403.892, 4, 55.2, 18.5, 0.032, 0.3),
(542, 'פאי תפוחים', 238.934, 1.9, 33, 11, 0, 0.2),
(543, 'פודינג', 375.144, 0.4, 92, 0, 0, 0),
(544, 'פול ירוק', 60.566, 5.2, 9.5, 0.1, 0, 2),
(545, 'פול ירוק מבושל', 57.724, 5, 9, 0.1, 0, 2),
(546, 'פול מצרי', 329.94, 24, 54, 1.5, 0, 1.5),
(547, 'פול מצרי מבושל', 102.122, 7.5, 17, 0.3, 0, 1.5),
(548, 'פומלה', 41.078, 0.5, 9.4, 0.1, 0, 0.2),
(549, 'פופקורן', 397.25, 12, 76.7, 4.2, 0, 4),
(550, 'פופקורן מטוגן', 504.184, 9, 54, 28.1, 0, 3),
(551, 'פטל (מיץ)', 44.66, 0, 11, 0, 0, 0),
(552, 'פטל (פרי)', 36.278, 1, 7.5, 0.2, 0, 5),
(553, 'פטל (תרכיז)', 44.66, 0, 11, 0, 0, 0),
(554, 'פטרוזיליה', 44.83, 3, 6.3, 0.8, 0, 1.5),
(555, 'פטריות טריות', 27.012, 2, 4, 0.3, 0, 0.8),
(556, 'פטריות מבושלות', 29.998, 2, 4.3, 0.5, 0, 0.8),
(557, 'פייבר 1 (דגני בוקר)', 207.452, 9.2, 35.8, 2.8, 0, 47),
(558, 'פיסטוק חלבי', 627.58, 22.5, 14.5, 54, 0, 2),
(559, 'פיתה', 254.11, 8.5, 53, 0.5, 0, 0.1),
(560, 'פיתה מקמח מלא', 269.832, 9.8, 51, 2.6, 0, 1),
(561, 'פיצה', 378, 10, 45, 17.5, 0.013, 0.5),
(562, 'פירה תפו``א', 85.312, 2.3, 16.1, 1.2, 0.002, 1),
(563, 'פלאן (קרם קרמל)', 117.13, 3, 19.1, 3.1, 0.012, 0),
(564, 'פלאפל', 333.15, 13.3, 30, 17.8, 0, 1.5),
(565, 'פלפל אדום', 31, 1.2, 6, 0.2, 0, 0.5),
(566, 'פלפל חריף', 41.15, 2, 7.7, 0.2, 0, 1.4),
(567, 'פלפל ירוק', 30.188, 1, 6, 0.2, 0, 1.4),
(568, 'פלפל ירוק מבושל', 30.594, 0.9, 6.2, 0.2, 0, 0.7),
(569, 'פלפל צהוב', 31.406, 1, 6.3, 0.2, 0, 1.4),
(570, 'פנקייק', 226.63, 6.4, 28.3, 9.7, 0.059, 0.1),
(571, 'פסטה (לפני בישול)', 365.858, 12.5, 75, 1.2, 0, 2.3),
(572, 'פסטה (מבושלת)', 155.786, 5, 32.5, 0.4, 0, 1.2),
(573, 'פסטה מחיטה מלאה מבושלת', 129.468, 5.3, 25.5, 0.5, 0, 1.9),
(574, 'פסטרמה', 115.84, 20, 2, 3, 0.06, 0),
(575, 'פסטרמה דלת שומן', 92.07, 18, 2.5, 1, 0.02, 0),
(576, 'פסק זמן (חטיף)', 551.56, 8, 56, 33, 0.016, 0),
(577, 'פפאיה ללא קליפה', 43.514, 0.5, 10, 0.1, 0, 0.8),
(578, 'פקאן (אגוזים)', 714.93, 9.5, 12, 71, 0, 2.7),
(579, 'פרגית (נתח ללא עור/שיפודים)', 162.038, 27.5, 0, 5.7, 0.088, 0),
(580, 'פריכיות אורז מלא', 367.56, 7, 77, 3, 0, 2.7),
(581, 'פרמזן מגוררת', 448.712, 41.5, 3.7, 30, 0.079, 0),
(582, 'פרמזן קשה', 386.006, 35.7, 3.2, 25.8, 0.068, 0),
(583, 'פרנץ` טוסט', 228.234, 7.7, 25, 10.8, 0.116, 0.1),
(584, 'צבר ללא קליפה', 45.02, 0.5, 9.5, 0.5, 0, 1.8),
(585, 'צימוקים', 338.152, 3.2, 79, 0.5, 0, 2.5),
(586, 'צ`יפס', 537.86, 6.4, 49, 35.4, 0, 1),
(587, 'צלעות כבש צלויות', 316.31, 11.5, 0, 30.5, 0.065, 0),
(588, 'צנוברים', 645.612, 11.6, 14.6, 61, 0, 2),
(589, 'צנון/צנונית', 22.69, 1, 3.5, 0.5, 0, 0.7),
(590, 'צנימים', 386.78, 12.5, 79.5, 1.5, 0, 2.4),
(591, 'קבב בקר', 228.14, 15, 2, 18, 0.065, 0),
(592, 'קבב עוף', 220.02, 15, 0, 18, 0.06, 0),
(593, 'קבנוס', 402.78, 18, 5, 35, 0.08, 0),
(594, 'קובה', 102.304, 6.8, 8.6, 4.5, 0.017, 0.1),
(595, 'קוואקר (שיבולת שועל) לא מבושל', 392.672, 16, 67, 6.3, 0, 10),
(596, 'קוואקר (שיבולת שועל) מבושל', 59.996, 2.6, 10, 1, 0, 1.4),
(597, 'קוטג` 0.5%', 67.35, 14, 1.5, 0.5, 0.002, 0),
(598, 'קוטג` 0.5%', 67.35, 14, 1.5, 0.5, 0.002, 0),
(599, 'קוטג` 3%', 80.112, 10.3, 2.9, 3, 0.009, 0),
(600, 'קוטג` 5%', 92.92, 10.5, 1.5, 5, 0.015, 0),
(601, 'קוטג` 9%', 133.152, 12, 1.2, 9, 0.038, 0),
(602, 'קולה', 40.6, 0, 10, 0, 0, 0),
(603, 'קולורבי ללא קליפה', 29.304, 2, 5, 0.1, 0, 1),
(604, 'קולורבי מבושל', 26.462, 1.8, 4.5, 0.1, 0, 1),
(605, 'קורנפלקס', 380.232, 8, 85, 0.3, 0, 0.7),
(606, 'קוסקוס לא מבושל', 369.892, 12.8, 77, 0.6, 0, 0.1),
(607, 'קוסקוס מבושל', 110.576, 3.8, 23, 0.2, 0, 0.1),
(608, 'קוקטייל פירות משומר', 60.566, 0.4, 14.3, 0.1, 0, 1.2),
(609, 'קורנפלור', 371.562, 0.3, 91, 0.1, 0, 0.3),
(610, 'קורקבני עוף לא מבושלים', 120.358, 20, 0.5, 4.2, 0.13, 0),
(611, 'קורקבני עוף מבושלים', 149.446, 27, 1.1, 4, 0.194, 0),
(612, 'קטשופ', 111.126, 1.5, 25, 0.4, 0, 1.7),
(613, 'קיווי ללא קליפה', 64.508, 1, 13.8, 0.5, 0, 1),
(614, 'קיט קט (חטיף)', 514.086, 7.1, 64, 25.5, 0.006, 0),
(615, 'קישואים ללא קליפה', 19.966, 1.2, 3.5, 0.1, 0, 0.5),
(616, 'קישואים מבושלים', 16.718, 0.5, 3.4, 0.1, 0, 0.5),
(617, 'קלמנטינות', 47.646, 0.8, 10.5, 0.2, 0, 1),
(618, 'קמח מלא', 353.802, 13, 68.7, 2.5, 0, 2),
(619, 'קמח לבן', 351.098, 10.3, 74, 1, 0, 0.3),
(620, 'קמח תירס', 320.3, 6.9, 63.5, 3.9, 0, 13),
(621, 'קמח תירס מבושל (ממליגה)', 50.416, 1.2, 11, 0.1, 0, 4.3),
(622, 'קמח תופח מאליו', 349.474, 9.9, 74, 1, 0, 0.3),
(623, 'קמח תפוח אדמה', 343.692, 7, 77, 0.3, 0, 1.9),
(624, 'קפה (משקה מוכן)', 3.248, 0.3, 0.5, 0, 0, 0),
(625, 'קציצות בקר', 254.66, 14, 3, 21, 0.09, 0),
(626, 'קציצות בשר מטוגנות', 229.792, 24.3, 5.3, 12.4, 0.089, 0),
(627, 'קציצות דג', 202.8, 13, 13, 11, 0.008, 0),
(628, 'קציצות טופו', 160.63, 18, 8.5, 6, 0, 0),
(629, 'קציצות ירקות', 148.58, 9, 8, 9, 0, 2),
(630, 'קציצות עוף', 179.03, 12, 12.5, 9, 0.04, 0),
(631, 'קקאו (אבקה)', 390.666, 18.1, 49.6, 13.1, 0, 0),
(632, 'קרואסון', 404.88, 8.2, 45.8, 21, 0.067, 0.1),
(633, 'קרוטונים', 405.068, 11.9, 73.5, 6.6, 0, 2.5),
(634, 'קרטיב', 78.358, 0, 19.3, 0, 0, 0),
(635, 'קרטיב דל קלוריות', 1.624, 0, 0.4, 0, 0, 0),
(636, 'קרמבולה', 39.742, 0.7, 8, 0.5, 0, 1),
(637, 'קרם קרמל (פלאן)', 117.13, 3, 19.1, 3.1, 0.012, 0),
(638, 'קרפיון לא מבושל', 122.584, 18, 0, 5.6, 0.066, 0),
(639, 'קרפיון מבושל', 156.622, 22.9, 0, 7.2, 0.084, 0),
(640, 'קרקר', 480.514, 8.6, 64.9, 20.6, 0, 7.2),
(641, 'קרקר מחיטה מלאה', 466.292, 8.8, 68.6, 17.2, 0, 10.5),
(642, 'קשיו (אגוזים)', 592.778, 17.2, 29.3, 45.7, 0, 3),
(643, 'רביולי גבינה', 198.12, 13, 26, 4.5, 0.037, 0.1),
(644, 'רביולי גבינה ופטריות', 210.464, 9, 35, 3.6, 0.032, 0.1),
(645, 'רביולי גבינה ותרד', 178.508, 11, 26, 3.2, 0.031, 0.1),
(646, 'רוטב אלף האיים', 388.7, 1, 12, 38, 0.024, 0),
(647, 'רוטב חמוץ מתוק', 122.238, 0.4, 24.7, 2.3, 0, 0),
(648, 'רוטב סויה', 66.25, 10.5, 5.6, 0.1, 0, 0),
(649, 'רוטב צ`ילי', 103.53, 1.8, 23.7, 0, 0, 0),
(650, 'רוויון', 39.244, 3.2, 3.2, 1.5, 0.0045, 0),
(651, 'ריבה', 279.066, 0.3, 68, 0.2, 0, 0),
(652, 'רסק עגבניות', 87.126, 3.5, 16, 0.9, 0, 1.5),
(653, 'שווארמה הודו', 173.53, 23, 4.5, 7, 0.09, 0),
(654, 'שום ללא קליפה', 160.324, 6.4, 32, 0.5, 0, 1.5),
(655, 'שומר (בישבש)', 32.218, 1.2, 6.3, 0.2, 0, 0.7),
(656, 'שומשום ללא קליפה', 584.008, 26.4, 6.4, 51, 0, 5),
(657, 'שומשום עם קליפה', 587.944, 17.7, 18.9, 49.7, 0, 5),
(658, 'שוקו', 72.49, 3, 10.5, 2, 0.008, 0),
(659, 'שוקו דיאט', 34.916, 2.9, 5.7, 0, 0, 0),
(660, 'שוקולד חלב', 519.77, 7.5, 65, 25.5, 0.02, 0),
(661, 'שוקולד למריחה', 513.856, 3.6, 62, 28, 0, 0),
(662, 'שוקולד מריר', 496.95, 5.5, 69, 22, 0.001, 0),
(663, 'שזיף מיובש', 227.72, 2.3, 52.7, 0.5, 0, 7),
(664, 'שזיף עם גרעין', 55.648, 0.7, 11.7, 0.6, 0, 2),
(665, 'שטרודל תפוחים', 279.272, 3.3, 41.1, 11.2, 0.006, 0.2),
(666, 'שיבולת שועל (סובין) מבושלת', 65.608, 3.2, 11, 0.9, 0, 1.9),
(667, 'שיבולת שועל (קוואקר) לא מבושלת', 392.672, 16, 67, 6.3, 0, 4.5),
(668, 'שיבולת שועל (קוואקר) מבושלת', 59.996, 2.6, 10, 1, 0, 1.4),
(669, 'שיפודי עוף', 124.222, 22, 2.5, 2.8, 0.06, 0),
(670, 'שמן אגוזים', 884, 0, 0, 100, 0, 0),
(671, 'שמן זית', 884, 0, 0, 100, 0, 0),
(672, 'שמן חמניות', 884, 0, 0, 100, 0, 0),
(673, 'שמן חריע', 884, 0, 0, 100, 0, 0),
(674, 'שמן כותנה', 884, 0, 0, 100, 0, 0),
(675, 'שמן סויה', 884, 0, 0, 100, 0, 0),
(676, 'שמן קוקוס', 884, 0, 0, 100, 0, 0),
(677, 'שמן קנולה', 884, 0, 0, 100, 0, 0),
(678, 'שמן תירס', 884, 0, 0, 100, 0, 0),
(679, 'שלגון עם חלב דל קלוריות', 82.398, 4.6, 13.3, 1.1, 0, 0),
(680, 'שלגון קרח', 78.358, 0, 19.3, 0, 0, 0),
(681, 'שלגון קרח דל קלוריות', 1.624, 0, 0.4, 0, 0, 0),
(682, 'שמנת חמוצה 9%', 111.228, 3.2, 4.6, 9, 0.027, 0),
(683, 'שמנת חמוצה 15%', 155.336, 2.5, 3.1, 15, 0.064, 0),
(684, 'שמנת לקפה', 115.602, 2.7, 4, 10, 0.042, 0),
(685, 'שמנת מתוקה 15%', 160.614, 2.8, 4.1, 15, 0.045, 0),
(686, 'שמנת מתוקה 32%', 305.21, 2.3, 3.2, 32, 0.096, 0),
(687, 'שמנת מתוקה 38%', 354.19, 2, 2.5, 38, 0.114, 0),
(688, 'שמרים טריים לאפייה', 124.386, 8.4, 18.1, 1.9, 0, 0),
(689, 'שמרים מיובשים לאפייה', 338.262, 38.3, 35, 4.6, 0, 0),
(690, 'שניצל ברוקולי', 186.56, 9, 13, 11, 0, 0.3),
(691, 'שניצל הנסיכה', 202.8, 13, 13, 11, 0.008, 0),
(692, 'שניצלוני עוף', 271.36, 12, 20, 16, 0.03, 0),
(693, 'שניצל הודו צלוי', 128.394, 30.1, 0, 0.7, 0.083, 0),
(694, 'שניצל טופו', 210.92, 16, 12, 11, 0, 7),
(695, 'שניצל ירקות', 201.642, 9.5, 23.4, 7.7, 0, 0.2),
(696, 'שניצל כרובית', 183.22, 10, 9, 12, 0, 0.3),
(697, 'שניצל סויה', 194.68, 16, 8, 11, 0, 7),
(698, 'שניצל עוף', 194.484, 14, 13, 9.6, 0.01, 0),
(699, 'שניצל צמחי', 246.32, 17.9, 14.9, 12.8, 0, 0.2),
(700, 'שניצל תירס', 215.7, 8, 19, 12, 0, 0.3),
(701, 'שניצל תרד', 152.64, 9, 9, 9, 0, 0.3),
(702, 'שסק', 44.398, 0.5, 10, 0.2, 0, 0.9),
(703, 'שעועית אדומה מבושלת', 120.942, 8.7, 20, 0.5, 0, 4.9),
(704, 'שעועית לבנה אפויה (שימורים)', 102.672, 4.8, 19.4, 0.5, 0, 5.8),
(705, 'שעועית לבנה יבשה', 336.41, 23.4, 57.5, 0.9, 0, 4.5),
(706, 'שעועית לבנה מבושלת', 120.058, 9.7, 19, 0.4, 0, 1.5),
(707, 'שעועית ירוקה', 32.958, 1.9, 6, 0.1, 0, 4.5),
(708, 'שעועית ירוקה מבושלת', 35.132, 1.5, 6.5, 0.3, 0, 1.5),
(709, 'שעועית צהובה', 35.466, 2, 6.3, 0.2, 0, 4.5),
(710, 'שעועית צהובה מבושלת', 25.722, 1.6, 4.3, 0.2, 0, 1.5),
(711, 'שקדים', 629.204, 20.4, 17, 54, 0, 2.7),
(712, 'שקדי מרק', 491.22, 10.5, 61.5, 22.5, 0, 0.2),
(713, 'שקשוקה', 86.378, 4.1, 5.2, 5.5, 0.113, 0.5),
(714, 'תאנים טריות', 75.804, 0.8, 17, 0.4, 0, 1.2),
(715, 'תאנים מיובשות', 269.086, 3.1, 61, 1, 0, 5.5),
(716, 'תורמוס יבש מבושל', 129.166, 15.6, 9.9, 2.9, 0, 0.7),
(717, 'תות שדה', 34.798, 0.7, 7, 0.4, 0, 0.5),
(718, 'תירס (גרעינים)', 97.348, 3.5, 18.3, 1, 0, 1.3),
(719, 'תירס (גרעינים) מבושל', 122.52, 3.5, 24.5, 1, 0, 1.9),
(720, 'תירס (קלח) מבושל', 68.306, 1.8, 13.5, 0.7, 0, 0.4),
(721, 'תמרים לחים עם גרעין', 102.79, 1.3, 23.8, 0.1, 0, 4.5),
(722, 'תמרים מיובשים עם גרעין', 273.192, 2.2, 64, 0.5, 0, 8.5),
(723, 'תפוח אדמה אפויים ללא קליפה', 95.076, 2, 21.2, 0.1, 0, 1.9),
(724, 'תפוח אדמה אפויים עם קליפה', 104.414, 2.5, 23, 0.1, 0, 4.4),
(725, 'תפוח אדמה ללא קליפה', 80.054, 2, 17.5, 0.1, 0, 1.5),
(726, 'תפוח אדמה מבושלים ללא קליפה', 88.986, 1.9, 19.8, 0.1, 0, 1.35),
(727, 'תפוח אדמה מבושלים עם קליפה', 81.272, 1.8, 18, 0.1, 0, 1.4),
(728, 'תפוח אדמה (פתיתים מיובשים)', 360.004, 8.4, 79.4, 0.4, 0, 1.9),
(729, 'תפוח אדמה מטוגנים (צ`יפס)', 537.86, 6.4, 49, 35.4, 0, 1),
(730, 'תפוזים ללא קליפה', 50.01, 0.8, 11.3, 0.1, 0, 0.6),
(731, 'תפוח עץ ללא קליפה', 62.406, 0.2, 14.3, 0.4, 0, 0.4),
(732, 'תפוח עץ מיובש', 260.056, 0.9, 62.5, 0.3, 0, 5),
(733, 'תפוח עץ עם קליפה', 57.462, 0.2, 13.3, 0.3, 0, 0.7),
(734, 'תפוח עץ (רסק)', 42.296, 0.2, 10, 0.1, 0, 0.7),
(735, 'תרד עלים', 26.272, 3, 2.6, 0.4, 0, 0.7),
(736, 'תרד עלים מבושלים', 24.982, 2.5, 3, 0.3, 0, 0.7),
(737, 'אייס קפה SHOCK דיאט בקבוק 400 מל', 33, 3.3, 5, 0, 0, 0),
(738, 'איקרה לבנה', 396, 3, 6, 40, 0.128, 0),
(739, 'אצבעות עמק - גבינת מוצרלה', 285, 26, 0.2, 20, 0.06, 0),
(740, 'אשל 200 מל 4.5%', 67, 3, 3.5, 4.5, 0.0135, 0),
(741, 'אשל 200 מל 4.5%', 67, 3, 3.5, 4.5, 0.0135, 0),
(742, 'באדי אננס 125 גר` 3% שומן', 96, 3.2, 14, 3, 0.009, 0),
(743, 'באדי אפרסק 125 גר` 3% שומן', 96, 3.2, 14, 3, 0.009, 0),
(744, 'באדי תות שדה 125 גר` 3% שומן', 96, 3.2, 14, 3, 0.009, 0),
(745, 'באדי תות שדה 500 גר` 3% שומן', 96, 3.2, 14, 3, 0.009, 0),
(746, 'גבינת שמנת 200 ג` בטעם טבעי 5%', 99, 9.5, 4, 5, 0.015, 0),
(747, 'גבינת שמנת 200 ג` שום שמיר5%', 99, 9, 4.5, 5, 0.015, 0),
(748, 'גבינת שמנת 200ג` סלמון מעושן ובצל 5%', 97, 9.5, 3.5, 5, 0.015, 0),
(749, 'גבינת שמנת זיתים 5% 200 גרם', 99, 9.5, 4, 5, 0.015, 0),
(750, 'גבינת תנובה  250 גרם 0.5%', 57, 10, 3, 0.5, 0.0015, 0),
(751, 'גבינת תנובה  250 גרם 5%', 95, 9.5, 2.9, 5, 0.015, 0),
(752, 'גבינת תנובה  250 גרם 9%', 129, 9, 3, 9, 0.027, 0),
(753, 'גבינת תנובה  500 גרם 5%', 95, 9.5, 2.9, 5, 0.015, 0),
(754, 'גבינת תנובה  500 גרם 9%', 129, 9, 3, 9, 0.027, 0),
(755, 'גבינת תנובה 250 גרם 3%', 77, 9.1, 3.5, 3, 0.009, 0),
(756, 'גבינת תנובה 500 גרם 3%', 77, 9.1, 3.5, 3, 0.009, 0),
(757, 'גבינת תנובה עם זיתים 250 גרם 5%', 99, 8.6, 3, 5.8, 0.0135, 0),
(758, 'גבינת תנובה עם זיתים 80 גרם 5% רביעייה', 100, 9, 3, 5.8, 0.0135, 0),
(759, 'גוש חלב פרוס 200 גרם 28%', 349, 24, 0.2, 28, 0.084, 0),
(760, 'גיל 150 מל 3%', 53, 3.1, 3.5, 3, 0.009, 0),
(761, 'גיל 150 מל 3%', 53, 3.1, 3.5, 3, 0.009, 0),
(762, 'גיל 200 מל 3%', 53, 3.1, 3.5, 3, 0.009, 0),
(763, 'גיל 200 מל 3%', 53, 3.1, 3.5, 3, 0.009, 0),
(764, 'גלבוע פרוס 200 גרם 22%', 299, 25, 0.2, 22, 0.066, 0),
(765, 'הרינג כבוש עם בצל 300 גרם', 209, 14, 0, 17, 0.037, 0),
(766, 'השף הלבן פתיתי לייט 9%', 202, 30, 0.2, 9, 0.027, 0),
(767, 'השף הלבן פתיתי עמק למאפים 22%', 303, 25, 1.2, 22, 0.066, 0),
(768, 'השף הלבן פתיתי פרמזן לפסטה 23%', 332, 30, 1.2, 23, 0.069, 0),
(769, 'השף הלבן שמנת לבישול 250 מל 15%', 162, 2.8, 4.1, 15, 0.045, 0),
(770, 'השף הלבן שמנת להקצפה 250 מל 32%', 310, 2.3, 3.2, 32, 0.096, 0),
(771, 'השף הלבן שמנת עמידה לקצפת 250 מל 38%', 360, 2, 2.5, 38, 0.114, 0);
INSERT INTO `food` (`food_id`, `title`, `calories`, `protein`, `crabs`, `fat`, `cholesterol`, `vesel`) VALUES
(772, 'חזה עוף בתיבול גריל', 129, 23, 2.6, 3, 0.06, 0),
(773, 'חטיפי עוף בציפוי מיוחד', 222, 11, 22, 10, 0.025, 0),
(774, 'חלב טרי בבקבוק 1 ליטר 3%', 58, 3.2, 4.6, 3, 0.009, 0),
(775, 'חלב טרי בקרטון 1 ליטר 1%', 42, 3.25, 5, 1, 0.003, 0),
(776, 'חלב טרי בקרטון 1 ליטר 3%', 58, 3.2, 4.6, 3, 0.009, 0),
(777, 'חלב טרי בשקית 1 ליטר 1%', 42, 3.25, 5, 1, 0.003, 0),
(778, 'חלב טרי בשקית 1 ליטר 3%', 58, 3.2, 4.6, 3, 0.009, 0),
(779, 'חלב טרי כד 2 ליטר 1%', 42, 3.25, 5, 1, 0.003, 0),
(780, 'חלב טרי כד 2 ליטר 3%', 58, 3.2, 4.6, 3, 0.009, 0),
(781, 'חלב עמיד 1 ליטר 1%', 42, 3.25, 5, 1, 0.003, 0),
(782, 'חלב עמיד 1 ליטר 3%', 58, 3.2, 4.6, 3, 0.009, 0),
(783, 'חלב תנובה פלוס מועשר 3% עם ברזל', 58, 3.2, 4.6, 3, 0.0018, 0),
(784, 'חלב תנובה פלוס מועשר בסופר סידן 0%', 33, 3.25, 5, 0, 0, 0),
(785, 'חלב תנובה פלוס מועשר בסופר סידן 1%', 42, 3.25, 5, 1, 0.0006, 0),
(786, 'חלב תנובה פלוס מועשר בסופר סידן 3%', 58, 3.2, 4.6, 3, 0.0018, 0),
(787, 'חלב תנובה פלוס מיוחד לדגנים על הבוקר 1%', 57, 2.9, 9, 1, 0.0006, 0),
(788, 'חלב תנובה פלוס מיוחד לדגנים על הבוקר 3%', 77, 4.5, 8, 3, 0.009, 0),
(789, 'חמאת תנובה 200 גרם', 742, 0.5, 0.5, 82, 0.246, 0),
(790, 'טונה מעושנת', 137, 34, 0, 0.2, 0.053, 0),
(791, 'טל העמק לייט 200 גרם 9%', 202, 30, 0.2, 9, 0.027, 0),
(792, 'טל העמק פלח 32%', 386, 24, 0.5, 32, 0.096, 0),
(793, 'יוגה גבינה 250 גרם 1.5%', 65, 9.6, 3.3, 1.5, 0.0045, 0),
(794, 'יוגה גבינה 250 גרם 5%', 93, 9.2, 2.9, 5, 0.015, 0),
(795, 'יוגה גבינה 250 עם זיתים 100  5% רביעייה', 93, 9.2, 2.9, 5, 0.015, 0),
(796, 'יוגה קוטג` 250 גרם 1.5%', 69, 12, 1.9, 1.5, 0.006, 0),
(797, 'יוגה קוטג` 250 גרם 5%', 93, 10.5, 1.5, 5, 0.015, 0),
(798, 'יופלה אננס 150 גרם 3%', 107, 4.1, 16, 3, 0, 0),
(799, 'יופלה אפרסק 150 גרם 3%', 103, 4.1, 15, 3, 0, 0),
(800, 'יופלה אפרסק בתחתית 150 גרם 3%', 109, 3.6, 17, 3, 0, 0),
(801, 'יופלה בננה פקאן 150 גרם 4%', 112, 4, 15, 4, 0, 0),
(802, 'יופלה דובדבנים 150 גרם 3%', 108, 4.2, 16, 3, 0, 0),
(803, 'יופלה דיאט עוגת תפוחים 0%', 40, 4.8, 4.4, 0.1, 0, 0),
(804, 'יופלה דיאט קיווי אגס ותפוח 0%', 35, 4.6, 3.2, 0.1, 0, 0),
(805, 'יופלה דיאט תפוז אשכולית 0%', 39, 4.5, 4.4, 0.1, 0, 0),
(806, 'יופלה לבן 1.5% 200 גרם', 75, 5.3, 10, 1.5, 0, 0),
(807, 'יופלה לבן 1.5% עם גרנולה SM', 93, 5.8, 10.7, 2.8, 0, 0),
(808, 'יופלה לבן 1.5% עם קורנפלקס SM', 84, 5.7, 9.4, 2.4, 0, 0),
(809, 'יופלה לבן 3% 200 גרם', 64, 5.3, 4, 3, 0, 0),
(810, 'יופלה לבן מעודן במגע תפוח 1.5%', 75, 5.3, 10, 1.5, 0, 0),
(811, 'יופלה לבן פטל וחמוציות בתחתית1.2%', 98, 4.3, 17.1, 1.2, 0, 0),
(812, 'יופלה לבן פירות יבשים בתחתית 1.5%', 88, 4.6, 13.6, 1.5, 0, 0),
(813, 'יופלה ליצי 150 גרם 3%', 95, 4, 13, 3, 0, 0),
(814, 'יופלה מוקה 150 גרם 3%', 103, 4, 15, 3, 0, 0),
(815, 'יופלה מנגו ופסיפלורה 150 גרם 3%', 104, 4.2, 15, 3, 0, 0),
(816, 'יופלה עוגת קרם גבינה ותות 150 גרם 3%', 112, 4.2, 17, 3, 0, 0),
(817, 'יופלה פטל 150 גרם 3%', 109, 5.4, 15, 3, 0, 0),
(818, 'יופלה פירות יער בתחתית 150 גרם 3%', 106, 3.8, 16, 3, 0, 0),
(819, 'יופלה פרנץ ונילה 150 גרם 3%', 115, 4, 18, 3, 0, 0),
(820, 'יופלה קוקוס 150 גרם 4%', 105, 4, 13.2, 4, 0, 0),
(821, 'יופלה תות 150 גרם 3%', 107, 4.1, 16, 3, 0, 0),
(822, 'כוכבי עוף', 219, 11, 19, 11, 0.026, 0),
(823, 'כוכבי עוף בציפוי מעודן', 227, 11, 21, 11, 0.025, 0),
(824, 'מילקשייק שוקו SHOCK - בקבוק נמתח', 94, 3.5, 15.5, 2, 0.006, 0),
(825, 'מעדן הרינג במיונז 220 גרם', 296, 8, 3, 28, 0.051, 0),
(826, 'מעדן הרינג במיונז מופחת שומן', 149, 7, 10, 9, 0.017, 0),
(827, 'מעדן סלמון במיונז 220 גרם', 331, 10, 3, 31, 0.058, 0),
(828, 'מעדן סלמון במיונז מופחת שומן', 113, 8, 9, 5, 0.014, 0),
(829, 'מעדן תנובה בטעם וניל 2% שומן 125 ג`', 113, 2.7, 21, 2, 0, 0),
(830, 'מעדן תנובה בטעם מוקה 2% שומן 125 ג`', 117, 2.9, 22, 2, 0, 0),
(831, 'מעדן תנובה בטעם שוקולד 3% שומן 125 ג`', 123, 3.1, 21, 3, 0, 0),
(832, 'מעדן תנובה דיאט וניל 0% שומן 150 ג`', 40, 2.3, 7.3, 0.2, 0, 0),
(833, 'מעדן תנובה דיאט קרמל 0% שומן 150 ג`', 40, 2.3, 7.3, 0.2, 0, 0),
(834, 'מעדן תנובה דיאט שוקולד 0% שומן 150 ג`', 40, 2.9, 6.5, 0.2, 0, 0),
(835, 'מקלוני עוף ותירס', 201, 10, 20, 9, 0.025, 0),
(836, 'מקרל פרוס בשמן 300 גרם', 245, 20, 0, 18, 0.046, 0),
(837, 'משקה סויה דיאט טבעי', 36, 3.5, 1.8, 1.7, 0.0003, 0),
(838, 'משקה סויה מועשר 1 ליטר', 55, 3.5, 5.9, 1.9, 0.0003, 0),
(839, 'משקה סויה מופחת מתיקות 1 ליטר', 47, 3.5, 3.9, 1.9, 0.0003, 0),
(840, 'משקה סויה עמיד בטעם וניל 1 ליטר', 83, 3.5, 13, 1.9, 0.0003, 0),
(841, 'משקה סויה עמיד בטעם טבעי 1 ליטר', 47, 3.5, 3.9, 1.9, 0.0003, 0),
(842, 'נגיסי עוף', 219, 11, 19, 11, 0.025, 0),
(843, 'נפוליאון בטעם זיתים 225 גרם 30%', 272, 3, 2, 28, 0.084, 0),
(844, 'נפוליאון בטעם טבעי 225 גרם 30%', 292, 3.5, 2, 30, 0.09, 0),
(845, 'נפוליאון בטעם שום שמיר 225 גרם 30%', 292, 3.5, 2, 30, 0.09, 0),
(846, 'סטייק עוף אמיתי', 127, 22, 3, 3, 0.06, 0),
(847, 'סלמון נורבגי פרוס 100', 194, 20, 0, 12, 0.033, 0),
(848, 'סלמון נורבגי פרוס 200 גרם', 194, 20, 0, 12, 0.033, 0),
(849, 'עמק בטעם פיצה פרוס 200 גרם 28%', 349, 24, 0.2, 28, 0.084, 0),
(850, 'עמק ביס זיתים 25%', 293, 10, 7, 25, 0.075, 0),
(851, 'עמק ביס טבעי 26%', 306, 11, 7, 26, 0.075, 0),
(852, 'עמק ביס פיצה 5%', 141, 14, 10, 5, 0.003, 0),
(853, 'עמק דליקטס סקנדינבית פרוס 200 גרם 31%', 374, 23.5, 0.2, 31, 0.093, 0),
(854, 'עמק לייט פרוס 200 גרם 9%', 202, 30, 0.2, 9, 0.027, 0),
(855, 'עמק מעושנת בשן פרוס 200 גרם 28%', 352, 24.5, 0.6, 28, 0.084, 0),
(856, 'עמק פרוס 200 גרם 28%', 349, 24, 0.2, 28, 0.084, 0),
(857, 'פילה מטיאס בשמן 300 גרם', 227, 14, 0, 19, 0.042, 0),
(858, 'פילה מטיאס עם בצל בשמן 300 גרם', 223, 13, 0, 19, 0.042, 0),
(859, 'פילה מקרל (מקרוסקה)', 376, 20, 0, 33, 0.065, 0),
(860, 'פילה עוף בשומשום', 188, 16, 13, 8, 0.03, 0),
(861, 'פילה עוף בשומשום', 188, 16, 13, 8, 0.03, 0),
(862, 'פיראוס בולגרית 250 גרם 16%', 206, 15, 0.5, 16, 0.03, 0),
(863, 'פיראוס בולגרית 250 גרם 24%', 280, 13, 3, 24, 0.072, 0),
(864, 'פיראוס בולגרית 250 גרם 5%', 115, 17, 0.5, 5, 0.016, 0),
(865, 'פיראוס בולגרית 250 גרם 9%', 159, 16.5, 4, 9, 0.027, 0),
(866, 'פיראוס בולגרית עזים 250 גרם 16%', 246, 16, 0.5, 20, 0.072, 0),
(867, 'פיראוס בולגרית קוביות 250 גרם 5%', 115, 17, 0.5, 5, 0.016, 0),
(868, 'פיראוס ברינזה 250 גרם 16%', 224, 18, 2, 16, 0.036, 0),
(869, 'פיראוס חמד 250 גרם 16%', 242, 20, 3.4, 16, 0.044, 0),
(870, 'פיראוס חרמון 250 גרם 16%', 242, 20, 3.4, 16, 0.044, 0),
(871, 'פיראוס לבנה  500 גרם 9%', 139, 11, 3.5, 9, 0.027, 0),
(872, 'פיראוס לבנה 250 גרם 3%', 79, 9, 4, 3, 0.009, 0),
(873, 'פיראוס פטה 200 גרם 24%', 288, 15, 3, 24, 0.072, 0),
(874, 'פיראוס צפתית 200 גרם 0.5%', 90, 18.5, 2.9, 0.5, 0.0015, 0),
(875, 'פיראוס צפתית 200 גרם 16%', 230, 18.5, 2.9, 16, 0.057, 0),
(876, 'פיראוס צפתית 200 גרם 5%', 128, 18.2, 2.6, 5, 0.015, 0),
(877, 'פיראוס צפתית 350 גרם 5%', 128, 18.2, 2.6, 5, 0.015, 0),
(878, 'פיראוס צפתית מעודנת 200 גרם 5%', 121, 15, 4, 5, 0.045, 0),
(879, 'פלמידה (מקרל)', 245, 20, 0, 18, 0.046, 0),
(880, 'פרילי טבע יוגורט עם גרנולה ופירות 3%', 107, 3, 17, 3, 0.004, 0),
(881, 'פרילי טבע יוגורט עם גרנולה ופירות 3%', 107, 3, 17, 3, 0.004, 0),
(882, 'פרילי יוגורט עם אננס 1.5%', 97, 2.8, 18, 1.5, 0.0045, 0),
(883, 'פרילי יוגורט עם אננס 1.5%', 97, 2.8, 18, 1.5, 0.0045, 0),
(884, 'פרילי יוגורט עם תות 1.5%', 97, 2.8, 18, 1.5, 0.0045, 0),
(885, 'פרילי יוגורט עם תות 1.5%', 97, 2.8, 18, 1.5, 0.0045, 0),
(886, 'פרילי יוגורט עם תות 500 גרם 1.5%', 97, 2.8, 18, 1.5, 0.0045, 0),
(887, 'פרילי יוגורט עם תות 500 גרם 1.5%', 97, 2.8, 18, 1.5, 0.0045, 0),
(888, 'קוויאר אדום אמיתי', 263, 30, 2, 15, 0.493, 0),
(889, 'קוטג תנובה 250 גרם 0.5%', 58.5, 12, 1.5, 0.5, 0.0015, 0),
(890, 'קוטג תנובה 250 גרם 5%', 93, 10.5, 1.5, 5, 0.015, 0),
(891, 'קוטג תנובה עם זיתים 250 גרם 5%', 99, 9.7, 1.7, 5.9, 0.015, 0),
(892, 'קולאז` גבינת כבשים 200 גר` 22%', 278, 18, 2, 22, 0.066, 0),
(893, 'קולאז` גליל (רוקפור) 25%', 310, 21, 0.2, 25, 0.075, 0),
(894, 'קולאז` גלעד (קצ`קבל) 27%', 338, 23.5, 0.2, 27, 0.008, 0),
(895, 'קולאז` פרמזן 23%', 328, 30, 0.2, 23, 0.069, 0),
(896, 'קולאז` צ`דר 32%', 396, 26.5, 0.5, 32, 0.096, 0),
(897, 'קציצות עוף', 172, 12, 13, 8, 0.03, 0),
(898, 'קרלו בטעם כדורי שוקולד 2% 125 ג`', 110, 2.9, 20, 2, 0, 0),
(899, 'קרלו מעדן וניל 2% 125 ג`', 104, 3, 18.5, 2, 0, 0),
(900, 'קרלו מעדן שוניל 2% 125 ג`', 110, 3.1, 20, 2, 0, 0),
(901, 'קרלו מעדן שוקולד 125 ג` 2%', 116, 3, 21.5, 2, 0, 0),
(902, 'קרלו מעדן שוקולד עם מוס וניל 5% שומן', 145, 4, 21, 5, 0.015, 0),
(903, 'קרלו מעדן שוקולד עם מוס שוקולד 5% שומן', 135, 3.5, 19, 5, 0.015, 0),
(904, 'רצועות חזה עוף אמיתי 3%', 127, 23, 2, 3, 0.06, 0),
(905, 'שווארמה אמיתית', 173, 23, 4.5, 7, 0.09, 0),
(906, 'שווארמה פרגיות', 157, 19.5, 5, 6.5, 0.08, 0),
(907, 'שוקו SHOCK בבקבוק 1 ליטר', 73, 3.1, 10.6, 2, 0.006, 0),
(908, 'שוקו SHOCK בבקבוק 250 מל', 73, 3.1, 10.6, 2, 0.006, 0),
(909, 'שוקו SHOCK בבקבוק 400 מל', 73, 3.1, 10.6, 2, 0.006, 0),
(910, 'שוקו SHOCK בשקית 225 מל', 73, 3.1, 10.6, 2, 0.006, 0),
(911, 'שוקו SHOCK לייט בבקבוק 400 מל', 42, 3.1, 7.5, 0, 0, 0),
(912, 'שישליק עוף אמיתי', 123, 22, 2.5, 2.8, 0.06, 0),
(913, 'שלי אשד 200 מל 4.5%', 67, 3, 3.5, 4.5, 0.0135, 0),
(914, 'שלי אשד 200 מל 4.5%', 67, 3, 3.5, 4.5, 0.0135, 0),
(915, 'שלי גילה 200 מל 3%', 53, 3.1, 3.5, 3, 0.009, 0),
(916, 'שלי גילה 200 מל 3%', 53, 3.1, 3.5, 3, 0.009, 0),
(917, 'שלי קלאסיק 200 גרם 3%', 60, 4.8, 3.5, 3, 0.009, 0),
(918, 'שלי קלאסיק 200 גרם 3%', 60, 4.8, 3.5, 3, 0.009, 0),
(919, 'שלי ריויון 1 ליטר 1.5%', 39, 3.2, 3.2, 1.5, 0.11, 0),
(920, 'שלי ריויון 500 מל 1.5%', 39, 3.2, 3.2, 1.5, 0.11, 0),
(921, 'שמנת תנובה אורגינל 200 מל 15%', 157, 2.5, 3.1, 15, 0.045, 0),
(922, 'שמנת תנובה אורגינל 200 מל 9%', 112, 3.2, 4.6, 9, 0.027, 0),
(923, 'שמנת תנובה אורגינל חצי ליטר 15%', 157, 2.5, 3.1, 15, 0.045, 0),
(924, 'שמנת תנובה אורגינל רביעייה 100 15%', 157, 2.5, 3.1, 15, 0.045, 0),
(925, 'שניצל אמיתי', 197, 15, 14, 9, 0.03, 0),
(926, 'שניצל אמיתי ביתי', 197, 15, 14, 9, 0.03, 0),
(927, 'שניצל אמיתי בציפוי מעודן', 196, 14, 17, 8, 0.03, 0),
(928, 'שניצל אמיתי בציפוי פריך', 197, 15, 14, 9, 0.03, 0),
(929, 'שניצל זעתר אמיתי', 193, 14, 14, 9, 0.03, 0),
(930, 'שניצלוני עוף בציפוי מעודן', 227, 11, 21, 11, 0.025, 0),
(931, 'תאומים מעדן גבינה עם בננה 300 גרם 5%', 141, 7, 17, 5, 0.015, 0),
(932, 'תאומים מעדן גבינה עם תות 300 גרם 5%', 141, 7, 17, 5, 0.015, 0),
(933, 'אבקת קקאו', 390, 18.1, 49.6, 13.1, 0, 0),
(934, 'בשר כבש- כתף רזה (לא מבושל)', 144, 19.5, 0, 6.8, 0.066, 0),
(935, 'בשר כבש-צלעות (בשר רזה לפני בישול)', 169, 20, 0, 9.2, 0.066, 0),
(936, 'בשר עוף ללא עור (לפני בישול)', 119, 21.4, 0, 3, 0.07, 0),
(937, 'רוטב ברביקיו', 167, 0, 41.6, 0, 0, 0),
(938, 'שמן שומשום', 884, 0, 0, 100, 0, 0),
(939, 'שמן דקלים', 884, 0, 0, 100, 0, 0),
(940, 'שמיר', 44, 3, 6.3, 0.8, 0, 1.5),
(941, 'אפונה סינית טריה', 50, 3.2, 8.71, 1.23, 0, 4.5),
(942, 'חומץ בלסמי', 72.4, 0.1, 18, 0, 0, 0),
(943, 'שוקולד חרובים', 640, 17.5, 22.1, 53.6, 0, 0),
(944, 'ממרח תמרים', 274, 2.6, 65, 0.3, 0, 1.5),
(945, 'תמרים (ממרח)', 274, 2.6, 65, 0.3, 0, 1.5),
(946, 'סילאן (דבש תמרים)', 317, 0.2, 79, 0, 0, 0),
(947, 'דבש תמרים (סילאן)', 317, 0.2, 79, 0, 0, 0),
(948, 'פטריות פורטבלו טריות', 34.7, 3, 5, 0.3, 0, 0.8),
(949, 'קינואה (מבושלת)', 106.6, 5, 14.16, 3.3, 0, 1),
(950, 'קמח מצה', 375, 11.5, 80, 1, 0, 0.5),
(951, 'סוכר דמררה', 392, 0, 98, 0, 0, 0),
(952, 'סוכר לבן', 396, 0, 99, 0, 0, 0),
(953, 'סוכר חום', 381, 0, 95, 0, 0, 0),
(954, 'שוקולית (אבקה)', 397, 4.8, 89, 2.5, 0, 0),
(955, 'אבקת שוקולית', 397, 4.8, 89, 2.5, 0, 0),
(956, 'סילאן (דבש תמרים) טבעי', 306, 2, 73.5, 0.4, 0, 2.2),
(957, 'דבש תמרים (סילאן) טבעי', 306, 2, 73.5, 0.4, 0, 2.2),
(958, 'בצל שאלוט', 43, 1.5, 9, 0.1, 0, 0.6),
(959, 'חלב קוקוס', 230, 2.3, 3.3, 23.8, 0, 2.2),
(960, 'סלט ירוק עם אגוזי מלך (מקדונלדס)', 78.8, 2.2, 4.4, 5.9, 0, 1.1),
(961, 'סלט ירקות קצוץ דק (מקדונלדס)', 41.3, 0.6, 3.2, 2.8, 0, 0.9),
(962, 'עוגת תפוז לייט (אוסם)', 283.3, 4.7, 46.3, 8, 0.07, 4.7),
(963, 'עוגת שיש לייט', 283.3, 5, 46.3, 8, 0.07, 4.7),
(964, 'עוגת אגוז לייט (אוסם)', 270, 5.3, 38, 10, 0.0667, 5),
(965, 'עוגת שיש (אוסם)', 416.6, 5, 52, 20.9, 0.056, 0),
(966, 'קרפיון (ללא ראש וחלקי פנים)', 133, 18.7, 0, 6.5, 0.072, 0),
(967, 'אמנון (ללא ראש וחלקי פנים)', 127, 20.1, 0, 5, 0.081, 0),
(968, 'פורל (ללא ראש וחלקי פנים)', 166.8, 18.6, 0, 9.8, 0.08, 0),
(969, 'בורי (ללא ראש וחלקי פנים)', 185.7, 19.6, 0, 11.9, 0.068, 0),
(970, 'מוסר (ללא ראש וחלקי פנים)', 104.5, 20.5, 0, 2.5, 0.086, 0),
(971, 'באס (ללא ראש וחלקי פנים)', 158.2, 19.5, 0, 8.9, 0.1, 0),
(972, 'לברק (ללא ראש וחלקי פנים)', 208.3, 19.7, 0, 14.4, 0.077, 0),
(973, 'דג קרפיון (ללא ראש וחלקי פנים)', 133, 18.7, 0, 6.5, 0.072, 0),
(974, 'דג אמנון (ללא ראש וחלקי פנים)', 127.5, 20.1, 0, 5, 0.081, 0),
(975, 'דג פורל (ללא ראש וחלקי פנים)', 166.8, 18.6, 0, 9.8, 0.08, 0),
(976, 'דג בורי (ללא ראש וחלקי פנים)', 185.7, 19.6, 0, 11.9, 0.068, 0),
(977, 'דג מוסר (ללא ראש וחלקי פנים)', 104.5, 20.5, 0, 2.5, 0.086, 0),
(978, 'דג באס (ללא ראש וחלקי פנים)', 158.2, 19.5, 0, 8.9, 0.1, 0),
(979, 'דג לברק (ללא ראש וחלקי פנים)', 208.3, 19.7, 0, 14.4, 0.077, 0),
(980, 'ריקוטה טבעי 5% (גד)', 91, 8.5, 3, 5, 0.015, 0),
(981, 'ריקוטה מלוחה 5% (גד)', 89, 7.5, 3.5, 5, 0.015, 0),
(982, 'ריקוטה פלפלים 5% (גד)', 93, 8, 4, 5, 0.015, 0),
(983, 'ריקוטה עיזים 5% (גד)', 97, 9, 4, 5, 0.015, 0),
(984, 'יוגורט כבשים 5% (גד)', 90, 5.7, 5.4, 5, 0.015, 0),
(985, 'יוגורט עזים 3% (גד)', 50, 3.3, 2.5, 3, 0.009, 0),
(986, 'יוגורט עזים 1% (גד)', 41, 3, 5, 1, 0.003, 0),
(987, 'גבינת ריקוטה טבעי 5% (גד)', 91, 8.5, 3, 5, 0.015, 0),
(988, 'גבינת ריקוטה מלוחה 5% (גד)', 89, 7.5, 3.5, 5, 0.015, 0),
(989, 'גבינת ריקוטה פלפלים 5% (גד)', 93, 8, 4, 5, 0.015, 0),
(990, 'גבינת ריקוטה עזים 5% (גד)', 97, 9, 4, 5, 0.015, 0),
(991, 'דקיקיות (אוסם)', 400, 5.2, 68.8, 9, 0, 11),
(992, 'חטיפי פריכונים (אוסם)', 380, 7.5, 80.7, 3.1, 0, 3.6),
(993, 'כמוסוכר', 40, 0, 10, 0, 0, 0),
(994, 'בצק פילו', 315, 8.7, 61.4, 1.7, 0, 1.7),
(995, 'אנטריקוט (נתח מספר 1)', 221, 21.1, 0, 15.2, 0.049, 0),
(996, 'צוואר עגל (נתח מספר 10)', 159, 21.1, 0, 8.3, 0.058, 0),
(997, 'כתף עגל (נתח מספר 4)', 127, 21, 0, 4.8, 0.055, 0),
(998, 'צ`ך בקר (נתח מספר 15)', 124, 21.1, 0, 4.4, 0.049, 0),
(999, 'שייטל בקר (נתח מספר 13)', 115, 21.1, 0, 3.4, 0.046, 0),
(1000, 'חזה בקר (נתח מספר 3)', 114, 21.1, 0, 3.3, 0.059, 0),
(1001, 'כף בקר (נתח מספר 16)', 107, 20.9, 0, 2.6, 0.048, 0),
(1002, 'סינטה בקר (נתח מספר 11)', 104, 21.1, 0, 2.2, 0.05, 0),
(1003, 'אווזית בקר (נתח מספר 14)', 99, 20.9, 0, 1.7, 0.039, 0),
(1004, 'וייסברטן בקר (נתח מספר 19)', 96, 21.1, 0, 1.3, 0.041, 0),
(1005, 'כרעיים עוף (עם עור)', 160, 19.1, 0, 9.3, 0.0683, 0),
(1006, 'חזה עוף (ללא עור)', 101, 23.5, 0, 0.8, 0.063, 0),
(1007, 'הודו אדום (ללא עור)', 148, 19.7, 0, 7.7, 0.082, 0),
(1008, 'בשר בקר- נתח מספר 1 (אנטריקוט)', 221, 21.1, 0, 15.2, 0.049, 0),
(1009, 'בשר בקר- נתח מספר 10 (צוואר)', 159, 21.1, 0, 8.3, 0.058, 0),
(1010, 'בשר בקר- נתח מספר 4 (כתף)', 127, 21, 0, 4.8, 0.055, 0),
(1011, 'בשר בקר- נתח מספר 15 (צ`ך)', 124, 21.1, 0, 4.4, 0.049, 0),
(1012, 'בשר בקר- נתח מספר 13 (שייטל)', 115, 21.1, 0, 3.4, 0.046, 0),
(1013, 'בשר בקר- נתח מספר 3 (חזה)', 114, 21.1, 0, 3.3, 0.059, 0),
(1014, 'בשר בקר- נתח מספר 16 (כף)', 107, 20.9, 0, 2.6, 0.048, 0),
(1015, 'בשר בקר- נתח מספר 11 (סינטה)', 104, 21.1, 0, 2.2, 0.05, 0),
(1016, 'בשר בקר- נתח מספר 14 (אווזית)', 99, 20.9, 0, 1.7, 0.039, 0),
(1017, 'בשר בקר- נתח מספר 19 (וייסברטן)', 96, 21.1, 0, 1.3, 0.041, 0),
(1018, 'עוף- כרעיים עם עור', 160, 19.1, 0, 9.3, 0.0683, 0),
(1019, 'עוף- חזה ללא עור', 101, 23.5, 0, 0.8, 0.063, 0),
(1020, 'קינואה (יבשה)', 374, 13, 63, 6, 0, 6),
(1021, 'חמוציות', 325, 1, 80, 0.1, 0, 5),
(1022, 'פשתן (גרעינים טחונים)', 571, 21.4, 35.7, 35.7, 0, 28.5),
(1023, 'פשתן (גרעינים)', 492, 19.5, 34.25, 34, 0, 27.9),
(1024, 'שסק', 51.8, 0.4, 12.1, 0.2, 0, 0.5),
(1025, 'כרוב כבוש', 30, 1.6, 5.67, 0.1, 0, 3.1),
(1026, 'דייסת קוואקר אינסטנט', 357, 14.3, 67.9, 7.1, 0, 10.7),
(1027, 'חטיף בריאות', 325, 5, 60, 10, 0, 5),
(1028, 'שעועית מאש (יבשה)', 358, 24, 63, 1.1, 0, 16),
(1029, 'מק רויאל על גחלים (מקדונלדס)', 151.757, 10.8626, 14.6965, 5.36741, 0.0246006, 1.91693),
(1030, 'ביג טקסס 225 גר` (מקדונלדס)', 162.899, 12.0393, 14.2506, 6.58477, 0.0285012, 1.4742),
(1031, 'ביג ניו יורק 225 גר` (מקדונלדס)', 152.605, 12.1588, 11.9107, 6.45161, 0.0277916, 1.48883),
(1032, 'ביג מיאמי 225 גר` (מקדונלדס)', 166.005, 11.9107, 10.9181, 8.36228, 0.0367246, 1.48883),
(1033, 'ביג שיקגו 225 גר` (מקדונלדס)', 147.643, 11.9107, 14.1439, 4.98759, 0.0280397, 1.48883),
(1034, 'ביג אל.איי 225 גר` (מקדונלדס)', 152.605, 11.9107, 12.9032, 5.98015, 0.0295285, 1.48883),
(1035, 'איזי מק (מקדונלדס)', 149.6, 10.4, 15.6, 5.08, 0.0216, 2),
(1036, 'ביג מק (מקדונלדס)', 180.476, 12.381, 17.619, 6.85714, 0.0242857, 2.38095),
(1037, 'דאבל מק רויאל על גחלים (מקדונלדס)', 160.391, 14.4254, 11.2469, 6.43032, 0.0354523, 1.46699),
(1038, 'מק רויאל     בלחמנית באלאנס (מקדונלדס)', 131.646, 12.6582, 9.17722, 5.15823, 0.0243671, 3.16456),
(1039, 'דאבל המבורגר (מקדונלדס)', 194.118, 16.1765, 19.1176, 6.02941, 0.0301471, 1.47059),
(1040, 'מיני רויאל (מקדונלדס)', 154.676, 10.0719, 18.705, 4.31655, 0.018705, 2.15827),
(1041, 'המבורגר קטן (מקדונלדס)', 198, 13, 26, 5, 0.023, 2),
(1042, 'צ`יקן סטייק טקסס (מקדונלדס)', 139.519, 10.3093, 17.8694, 2.92096, 0.0206186, 2.06186),
(1043, 'קריספי צ`יקן טקסס (מקדונלדס)', 175.415, 8.9701, 19.6013, 6.81063, 0.0116279, 1.99336),
(1044, 'צ`יקן סטייק על גחלים (מקדונלדס)', 139.63, 10.7407, 17.037, 3.18519, 0.0237037, 2.22222),
(1045, 'קריספי צ`יקן (מקדונלדס)', 177.857, 9.64286, 18.9286, 7.21429, 0.0142857, 2.14286),
(1046, 'צ`יקן סלקט 3 יחידות (מקדונלדס)', 254.861, 18.75, 15.2778, 13.3333, 0.0416667, 2.08333),
(1047, 'צ`יקן סלקט 4 יחידות (מקדונלדס)', 255.208, 18.75, 15.1042, 13.5417, 0.0421875, 2.08333),
(1048, 'צ`יקן סלקט 5 יחידות (מקדונלדס)', 255, 18.75, 15, 13.2917, 0.0420833, 2.08333),
(1049, 'צ`יקן מק נאגטס 4 יחידות (מקדונלדס)', 214.815, 16.0494, 13.5802, 10.6173, 0.037037, 1.23457),
(1050, 'צ`יקן מק נאגטס 5 יחידות (מקדונלדס)', 215.842, 13.8614, 16.8317, 10.6931, 0.0366337, 0.990099),
(1051, 'צ`יקן מק נאגטס 8 יחידות (מקדונלדס)', 214.815, 16.0494, 13.5802, 10.6173, 0.037037, 1.23457),
(1052, 'צ`יקן מקנאגטס 10 יחידות (מקדונלדס)', 215.347, 16.3366, 13.8614, 10.6931, 0.0366337, 0.990099),
(1053, 'צ`יקן סלקט בטורטיה (מקדונלדס)', 184.496, 9.30233, 25.1938, 5.81395, 0.0155039, 1.93798),
(1054, 'צ`יקן סטייק בטורטיה (מקדונלדס)', 134.94, 10.0402, 17.6707, 3.13253, 0.0269076, 1.60643),
(1055, 'קריספי צ`יקן בטורטיה (מקדונלדס)', 176.834, 8.88031, 19.6911, 7.49035, 0.0162162, 1.5444),
(1056, 'צ`יקן סטייק בלחמנית באלאנס (מקדונלדס)', 117.407, 12.963, 10.7407, 2.81481, 0.0237037, 3.7037),
(1057, 'קריספי צ`יקן בלחמנית באלאנס (מקדונלדס)', 168.605, 12.4031, 13.5659, 7.44186, 0.0155039, 3.87597),
(1058, 'צ`יקן סטייק קטן (מקדונלדס)', 160.169, 12.7119, 22.8814, 2.28814, 0.0245763, 1.69492),
(1059, 'קריספי צ`יקן קטן (מקדונלדס)', 206.612, 11.5702, 24.7934, 7.02479, 0.0140496, 1.65289),
(1060, 'מק דג רויאל (מקדונלדס)', 176.882, 8.06452, 18.9785, 7.74194, 0.0209677, 1.6129),
(1061, 'מיני דג (מקדונלדס)', 236.975, 11.7647, 26.8908, 9.07563, 0.0252101, 1.68067),
(1062, 'מקלוני תירס 6 יחידות (מקדונלדס)', 210.185, 6.48148, 25.9259, 9.25926, 0, 4.62963),
(1063, 'מקלוני תירס 9 יחידות (מקדונלדס)', 209.877, 6.17284, 25.9259, 9.32099, 0, 4.93827),
(1064, 'קבב בטורטיה (מקדונלדס)', 153.36, 8.69565, 16.996, 6.12648, 0.0083004, 1.97628),
(1065, 'סלט ירקות קצוץ דק ברוטב שמן זית ולימון (מקדונלדס)', 38.5124, 0.991736, 3.63636, 2.46281, 0, 0.826446),
(1066, 'סלט קצוץ עם צ`יקן סטייק ברוטב שמן זית ולימון  (מקדונלדס)', 48.777, 3.59712, 3.59712, 2.40288, 0.00848921, 0.719424),
(1067, 'סלט קצוץ עם קריספי צ`יקן ברוטב שמן זית ולימון (מקדונלדס)', 65.3901, 3.26241, 4.53901, 4.01418, 0.0048227, 0.70922),
(1068, 'סלט קצוץ עם צ`יקן סלקט ברוטב שמן זית ולימון (מקדונלדס)', 68.1883, 3.42368, 5.27817, 3.9515, 0.00570613, 0.998573),
(1069, 'סלט ירוק ענק עם אגוזי מלך ברוטב ויניגרט דיאט (מקדונלדס)', 64.6893, 2.25989, 3.38983, 4.91525, 0, 1.12994),
(1070, 'סלט ירוק עם צ`יקן סטייק עם אגוזי מלך ברוטב ויניגרט דיאט (מקדונלדס)', 75.4504, 6.30631, 3.37838, 4.32432, 0.0132883, 0.900901),
(1071, 'סלט ירוק עם קריספי צ`יקן עם אגוזי מלך ברוטב ויניגרט דיאט (מקדונלדס)', 100.661, 5.50661, 4.84582, 6.78414, 0.00748899, 0.881057),
(1072, 'סלט ירוק  עם צ`יקן סלקט עם אגוזי מלך ברוטב ויניגרט דיאט (מקדונלדס)', 102.667, 5.55556, 6.44444, 6.64444, 0.00888889, 1.33333),
(1073, 'סלט קצוץ עם חסה ברוטב אלף האיים לייט (מקדונלדס)', 30.25, 1, 4.75, 1.1, 0.0035, 1),
(1074, 'סלט קצוץ עם חסה וצ`יקן סטייק ברוטב אלף האיים לייט (מקדונלדס)', 46.3265, 4.89796, 4.4898, 1.26531, 0.014898, 0.816327),
(1075, 'סלט קצוץ עם חסה וקריספי צ`יקן ברוטב אלף האיים לייט (מקדונלדס)', 69.8, 4.2, 5.8, 3.56, 0.0096, 0.8),
(1076, 'סלט קצוץ עם חסה וצ`יקן סלקט ברוטב אלף האיים לייט (מקדונלדס)', 73.7903, 4.43548, 6.85484, 3.44758, 0.0110887, 1.20968),
(1077, 'סלט קצוץ דק קטן ברוטב שמן זית ולימון (מקדונלדס)', 38.6885, 0.983607, 3.60656, 2.45902, 0, 0.983607),
(1078, 'סלט ירוק קטן עם אגוזי מלך ברוטב ויניגרט דיאט (מקדונלדס)', 81.8182, 2.47934, 4.13223, 6.61157, 0, 0.826446),
(1079, 'סלט ירוק קטן ללא אגוזי מלך ברוטב ויניגרט דיאט (מקדונלדס)', 19.0909, 0.909091, 2.72727, 0.909091, 0, 0.909091),
(1080, 'צ`יפס קטן (מקדונלדס)', 278.873, 4.22535, 35.2113, 13.9437, 0, 4.22535),
(1081, 'צ`יפס רגיל (מקדונלדס)', 282, 4, 35, 14, 0, 4),
(1082, 'צ`יפס גדול (מקדונלדס)', 282.27, 4.25532, 34.7518, 13.9716, 0, 4.25532),
(1083, 'צ`יפס ענק (מקדונלדס)', 283.125, 3.75, 35, 14.0625, 0, 3.75),
(1084, 'פוטטו קטן (מקדונלדס)', 197.183, 2.8169, 25.3521, 9.43662, 0, 2.8169),
(1085, 'פוטטו רגיל (מקדונלדס)', 197, 3, 25, 9.5, 0, 3),
(1086, 'פוטטו גדול (מקדונלדס)', 197.241, 3.44828, 24.8276, 9.51724, 0, 2.75862),
(1087, 'פוטטו ענק (מקדונלדס)', 197.143, 3.33333, 24.7619, 9.52381, 0, 3.33333),
(1088, 'סקוויז תפוח (מקדונלדס)', 70, 0.555556, 15.5556, 0.666667, 0, 1.11111),
(1089, 'סקוויז תפוח בננה (מקדונלדס)', 68.8889, 0.555556, 15.5556, 0.555556, 0, 1.11111),
(1090, 'נשנושי גזר (מקדונלדס)', 35, 0.6, 9.8, 0, 0, 3.8),
(1091, 'ויניגרט דיאט (מקדונלדס)', 20, 0, 2.5, 1.5, 0, 0),
(1092, 'אלף האיים (מקדונלדס)', 225, 0, 5, 7.5, 0.0175, 0),
(1093, 'אלף האיים לייט (מקדונלדס)', 145, 0, 15, 9.5, 0.035, 0),
(1094, 'שמן זית ולימון (מקדונלדס)', 426.667, 0, 0, 46.6667, 0, 0),
(1095, 'רוטב ברביקיו צ`פוטלה (מקדונלדס)', 160, 0, 37.6471, 0.470588, 0, 0),
(1096, 'רוטב צ`ילי מתוק (מקדונלדס)', 211.765, 2.35294, 49.4118, 0.705882, 0, 0),
(1097, 'רוטב ברביקיו (מקדונלדס)', 164.286, 1, 37.8571, 1, 0, 0),
(1098, 'רוטב חמוץ מתוק (מקדונלדס)', 178.571, 1, 39.2857, 0, 0, 0),
(1099, 'חרדל חריף (מקדונלדס)', 214.286, 3.57143, 28.5714, 11.0714, 0.0142857, 0),
(1100, 'טחינה (מקדונלדס)', 280, 8.33333, 13.3333, 21.6667, 0, 0),
(1101, 'קטשופ (מקדונלדס)', 114.286, 0, 28.5714, 0, 0, 0),
(1102, 'מיונז לייט (מקדונלדס)', 342.857, 0, 14.2857, 35.7143, 0.0857143, 0),
(1103, 'קולה זירו קטן (מקדונלדס)', 0.4, 0, 0, 0, 0, 0),
(1104, 'קולה זירו רגיל (מקדונלדס)', 0.25, 0, 0, 0, 0, 0),
(1105, 'קולה זירו גדול (מקדונלדס)', 0.384615, 0, 0, 0, 0, 0),
(1106, 'קולה זירו ענק (מקדונלדס)', 0.408163, 0, 0, 0, 0, 0),
(1107, 'דיאט קולה קטן (מקדונלדס)', 0.4, 0, 0, 0, 0, 0),
(1108, 'דיאט קולה רגיל (מקדונלדס)', 0.25, 0, 0, 0, 0, 0),
(1109, 'דיאט קולה גדול (מקדונלדס)', 0.384615, 0, 0, 0, 0, 0),
(1110, 'דיאט קולה ענק (מקדונלדס)', 0.408163, 0, 0, 0, 0, 0),
(1111, 'קוקה קולה קטן (מקדונלדס)', 42, 0, 11.2, 0, 0, 0),
(1112, 'קוקה קולה רגיל (מקדונלדס)', 42, 0, 11, 0, 0, 0),
(1113, 'קוקה קולה גדול (מקדונלדס)', 42.5, 0, 11.1538, 0, 0, 0),
(1114, 'קוקה קולה ענק (מקדונלדס)', 40, 0, 10.4762, 0, 0, 0),
(1115, 'ספרייט קטן (מקדונלדס)', 42, 0, 10.4, 0, 0, 0),
(1116, 'ספרייט רגיל (מקדונלדס)', 42, 0, 10.25, 0, 0, 0),
(1117, 'ספרייט גדול (מקדונלדס)', 42.5, 0, 10.3846, 0, 0, 0),
(1118, 'ספרייט ענק (מקדונלדס)', 40, 0, 9.65986, 0, 0, 0),
(1119, 'פנטה קטן (מקדונלדס)', 54, 0, 13.2, 0, 0, 0),
(1120, 'פנטה רגיל (מקדונלדס)', 54, 0, 13.25, 0, 0, 0),
(1121, 'פנטה גדול (מקדונלדס)', 54.6154, 0, 13.4615, 0, 0, 0),
(1122, 'פנטה ענק (מקדונלדס)', 51.4286, 0, 12.6531, 0, 0, 0),
(1123, 'פרימור תפוזים קטן (מקדונלדס)', 47.6, 0.8, 10.8, 0.2, 0, 0.8),
(1124, 'פרימור תפוזים רגיל (מקדונלדס)', 47.5, 0.75, 10.5, 0.2, 0, 0.75),
(1125, 'פרימור תפוזים גדול (מקדונלדס)', 48.0769, 0.769231, 10.7692, 0.211538, 0, 0.769231),
(1126, 'פרימור תפוזים ענק (מקדונלדס)', 45.3061, 0.680272, 10.068, 0.190476, 0, 0.680272),
(1127, 'פרימור ענבים קטן (מקדונלדס)', 48, 0.4, 13.2, 0, 0, 0),
(1128, 'פרימור ענבים רגיל (מקדונלדס)', 48, 0.25, 13.25, 0, 0, 0),
(1129, 'פרימור ענבים גדול (מקדונלדס)', 48.4615, 0.384615, 13.4615, 0, 0, 0),
(1130, 'פרימור ענבים ענק (מקדונלדס)', 45.5782, 0.272109, 12.6531, 0, 0, 0),
(1131, 'גלידה בגביע (מקדונלדס)', 166.667, 5.20833, 23.9583, 4.6875, 0.0125, 0),
(1132, 'גלידה פיצוץ עם עוגיות שוקולד (מקדונלדס)', 185.789, 4.21053, 25.7895, 6.31579, 0.0110526, 0.526316),
(1133, 'גלידת סנדיי עם טופינג שוקולד  (מקדונלדס)', 189.714, 4.57143, 28.5714, 5.6, 0.00971429, 0.571429),
(1134, 'גלידת סנדיי עם תות (מקדונלדס)', 163.429, 3.42857, 28, 3.54286, 0.00971429, 0),
(1135, 'גלידת סנדיי עם קרמל   (מקדונלדס)', 189.143, 4, 30.8571, 4.68571, 0.00971429, 0),
(1136, 'אייס קפה רגיל (מקדונלדס)', 68.9855, 1.44928, 13.913, 0.898551, 0, 0),
(1137, 'מילקשייק שוקו קטן (מקדונלדס)', 113.869, 3.28467, 18.6131, 2.91971, 0.00766423, 0.364964),
(1138, 'מילקשייק וניל קטן (מקדונלדס)', 110.584, 2.91971, 17.8832, 2.9562, 0.00766423, 0.364964),
(1139, 'מילקשייק תות קטן (מקדונלדס)', 111.679, 2.91971, 18.2482, 2.9562, 0.00766423, 0),
(1140, 'פאי תפוחים (מקדונלדס)', 289.535, 2.32558, 33.7209, 16.0465, 0, 0),
(1141, 'מיץ אשכוליות טרי', 37, 0.5, 8.5, 0.1, 0, 0);

-- --------------------------------------------------------

--
-- Table structure for table `menus`
--

CREATE TABLE IF NOT EXISTS `menus` (
  `menu_id` int(11) NOT NULL AUTO_INCREMENT,
  `description` text NOT NULL,
  `start_date` date NOT NULL,
  `end_date` date NOT NULL,
  `user_id` int(11) NOT NULL,
  PRIMARY KEY (`menu_id`)
) ENGINE=InnoDB  DEFAULT CHARSET=utf8 AUTO_INCREMENT=12 ;

--
-- Dumping data for table `menus`
--

INSERT INTO `menus` (`menu_id`, `description`, `start_date`, `end_date`, `user_id`) VALUES
(1, '', '2015-11-17', '0000-00-00', 3),
(2, '', '2015-12-29', '0000-00-00', 3),
(3, '', '2016-01-27', '0000-00-00', 3),
(4, '', '2016-02-24', '0000-00-00', 3),
(5, '', '2016-03-03', '0000-00-00', 3),
(6, '', '2016-03-17', '0000-00-00', 3),
(7, '', '2016-04-10', '0000-00-00', 3),
(8, '', '2016-05-10', '0000-00-00', 3),
(9, '', '2016-06-19', '0000-00-00', 3),
(10, '', '2016-07-24', '0000-00-00', 3),
(11, '', '2016-08-19', '0000-00-00', 3);

-- --------------------------------------------------------

--
-- Table structure for table `menu_items`
--

CREATE TABLE IF NOT EXISTS `menu_items` (
  `menu_item_id` int(11) NOT NULL AUTO_INCREMENT,
  `menu_id` int(11) NOT NULL,
  `title` varchar(512) NOT NULL,
  `amount` varchar(512) NOT NULL,
  `category_id` int(11) NOT NULL,
  `calories` float NOT NULL,
  `protein` float NOT NULL,
  `crabs` float NOT NULL,
  `fat` float NOT NULL,
  PRIMARY KEY (`menu_item_id`)
) ENGINE=InnoDB  DEFAULT CHARSET=utf8 AUTO_INCREMENT=733 ;

--
-- Dumping data for table `menu_items`
--

INSERT INTO `menu_items` (`menu_item_id`, `menu_id`, `title`, `amount`, `category_id`, `calories`, `protein`, `crabs`, `fat`) VALUES
(1, 1, 'לחם קל', '2 פרוסה', 1, 122.02, 6, 23.4, 0.3),
(2, 1, 'גבינה צהובה 9%', '2 פרוסה', 1, 101.09, 15, 0.1, 4.5),
(3, 1, 'גבינת תנובה 250 גרם 3%', '1 כפות', 1, 11.55, 1.36, 0.53, 0.45),
(4, 1, 'מלפפון', '1 מלפפונים בינוניים', 1, 15.4, 0.91, 2.6, 0.13),
(5, 1, 'יוגורט 1.5%', '200 גרם', 2, 103.66, 9.6, 9.4, 3),
(6, 1, 'ברנפלקס', '45 גרם', 2, 127.12, 5.4, 24.93, 0.45),
(7, 1, 'שקדים', '8 שקדים בינוניים', 2, 75.5, 2.45, 2.04, 6.48),
(8, 1, 'חומוס מבושל (גרגירים)', '90 גרם', 3, 144.92, 8.1, 22.5, 2.34),
(9, 1, 'פלפל אדום', '1 פלפלים בינוניים', 3, 46.5, 1.8, 9, 0.3),
(10, 1, 'מלפפון', '1 מלפפונים בינוניים', 3, 15.4, 0.91, 2.6, 0.13),
(11, 1, 'סייטן', '150 גרם', 3, 180, 37.5, 13.5, 2),
(12, 1, 'כרוב מבושל', '100 גרם', 3, 23.76, 1, 4.2, 0.3),
(13, 1, 'תמרים מיובשים עם גרעין', '2 תמרים בינוניים', 4, 136.6, 1.1, 32, 0.25),
(14, 1, 'יוגורט פירות 0%', '150 גרם', 4, 60.9, 3.75, 11.25, 0),
(15, 1, 'ביצה (חלמון)', '1 חלמונים בינוניים', 5, 63.93, 2.88, 0.32, 5.76),
(16, 1, 'ביצה (חלבון)', '3 חלבונים בינוניים', 5, 68.99, 15.55, 1.44, 0),
(17, 1, 'שמן זית', '1 כפיות', 5, 88.4, 0, 0, 10),
(18, 1, 'לחם קל', '2 פרוסה', 5, 122.02, 6, 23.4, 0.3),
(19, 1, 'פלפל אדום', '1 פלפלים בינוניים', 5, 46.5, 1.8, 9, 0.3),
(20, 1, 'מלפפון', '1 מלפפונים בינוניים', 5, 15.4, 0.91, 2.6, 0.13),
(131, 3, 'לחם קל', '2 פרוסה', 1, 122.02, 6, 23.4, 0.3),
(132, 3, 'גבינה צהובה 9%', '2 פרוסה', 1, 101.09, 15, 0.1, 4.5),
(133, 3, 'גבינת תנובה 250 גרם 3%', '1 כפות', 1, 11.55, 1.36, 0.53, 0.45),
(134, 3, 'מלפפון', '1 מלפפונים בינוניים', 1, 15.4, 0.91, 2.6, 0.13),
(135, 3, 'יוגורט 1.5%', '150 גרם', 2, 77.75, 7.2, 7.05, 2.25),
(136, 3, 'יוגורט 1.5%', '200 גרם', 2, 103.66, 9.6, 9.4, 3),
(137, 3, 'קוואקר (שיבולת שועל) לא מבושל', '25 גרם', 2, 98.17, 4, 16.75, 1.57),
(138, 3, 'שקדים', '10 שקדים בינוניים', 2, 94.38, 3.06, 2.55, 8.1),
(139, 3, 'חומוס מבושל (גרגירים)', '90 גרם', 3, 144.92, 8.1, 22.5, 2.34),
(140, 3, 'פלפל אדום', '1 פלפלים בינוניים', 3, 46.5, 1.8, 9, 0.3),
(141, 3, 'סייטן', '160 גרם', 3, 192, 41, 16, 2),
(142, 3, 'מלפפון', '1 מלפפונים בינוניים', 3, 15.4, 0.91, 2.6, 0.13),
(143, 3, 'כרוב מבושל', '100 גרם', 3, 23.76, 1, 4.2, 0.3),
(144, 3, 'תמרים מיובשים עם גרעין', '2 תמרים בינוניים', 4, 136.6, 1.1, 32, 0.25),
(145, 3, 'יוגורט פירות 0%', '150 גרם', 4, 60.9, 3.75, 11.25, 0),
(146, 3, 'ביצה (חלמון)', '1 חלמונים בינוניים', 5, 63.93, 2.88, 0.32, 5.76),
(147, 3, 'ביצה (חלבון)', '3 חלבונים בינוניים', 5, 68.99, 15.55, 1.44, 0),
(148, 3, 'שמן זית', '1 כפיות', 5, 88.4, 0, 0, 10),
(149, 3, 'לחם קל', '2 פרוסה', 5, 122.02, 6, 23.4, 0.3),
(150, 3, 'פלפל אדום', '1 פלפלים בינוניים', 5, 46.5, 1.8, 9, 0.3),
(151, 3, 'מלפפון', '1 מלפפונים בינוניים', 5, 15.4, 0.91, 2.6, 0.13),
(152, 3, 'כרוב מבושל', '100 גרם', 5, 23.76, 1, 4.2, 0.3),
(153, 3, 'אבוקדו עם קליפה וגרעין', '50 גרם', 5, 60.91, 0.75, 1.95, 5.65),
(154, 2, 'לחם קל', '2 פרוסה', 1, 122.02, 6, 23.4, 0.3),
(155, 2, 'גבינה צהובה 9%', '2 פרוסה', 1, 101.09, 15, 0.1, 4.5),
(156, 2, 'גבינת תנובה 250 גרם 3%', '1 כפות', 1, 11.55, 1.36, 0.53, 0.45),
(157, 2, 'מלפפון', '1 מלפפונים בינוניים', 1, 15.4, 0.91, 2.6, 0.13),
(158, 2, 'יוגורט 1.5%', '200 גרם', 2, 103.66, 9.6, 9.4, 3),
(159, 2, 'ברנפלקס', '45 גרם', 2, 127.12, 5.4, 24.93, 0.45),
(160, 2, 'שקדים', '10 שקדים בינוניים', 2, 94.38, 3.06, 2.55, 8.1),
(161, 2, 'חומוס מבושל (גרגירים)', '90 גרם', 3, 144.92, 8.1, 22.5, 2.34),
(162, 2, 'פלפל אדום', '1 פלפלים בינוניים', 3, 46.5, 1.8, 9, 0.3),
(163, 2, 'סייטן', '160 גרם', 3, 192, 41, 16, 2),
(164, 2, 'מלפפון', '1 מלפפונים בינוניים', 3, 15.4, 0.91, 2.6, 0.13),
(165, 2, 'כרוב מבושל', '100 גרם', 3, 23.76, 1, 4.2, 0.3),
(166, 2, 'תמרים מיובשים עם גרעין', '2 תמרים בינוניים', 4, 136.6, 1.1, 32, 0.25),
(167, 2, 'יוגורט פירות 0%', '150 גרם', 4, 60.9, 3.75, 11.25, 0),
(168, 2, 'ביצה (חלמון)', '1 חלמונים בינוניים', 5, 63.93, 2.88, 0.32, 5.76),
(169, 2, 'ביצה (חלבון)', '3 חלבונים בינוניים', 5, 68.99, 15.55, 1.44, 0),
(170, 2, 'שמן זית', '1 כפיות', 5, 88.4, 0, 0, 10),
(171, 2, 'לחם קל', '2 פרוסה', 5, 122.02, 6, 23.4, 0.3),
(172, 2, 'פלפל אדום', '1 פלפלים בינוניים', 5, 46.5, 1.8, 9, 0.3),
(173, 2, 'מלפפון', '1 מלפפונים בינוניים', 5, 15.4, 0.91, 2.6, 0.13),
(174, 2, 'אבוקדו עם קליפה וגרעין', '50 גרם', 5, 60.91, 0.75, 1.95, 5.65),
(460, 6, 'לחם קל', '3 פרוסה', 1, 183.02, 9, 35.1, 0.45),
(461, 6, 'גבינה צהובה 9%', '1 פרוסה', 1, 50.54, 7.5, 0.05, 2.25),
(462, 6, 'גבינת תנובה 250 גרם 3%', '1 כפות', 1, 11.55, 1.36, 0.53, 0.45),
(463, 6, 'מלפפון', '1 מלפפונים בינוניים', 1, 15.4, 0.91, 2.6, 0.13),
(464, 6, 'יוגורט 1.5%', '150 גרם', 2, 77.75, 7.2, 7.05, 2.25),
(465, 6, 'יוגורט 1.5%', '200 גרם', 2, 103.66, 9.6, 9.4, 3),
(466, 6, 'ברנפלקס', '30 גרם', 2, 84.75, 3.6, 16.62, 0.3),
(467, 6, 'שיבולת שועל (קוואקר) לא מבושלת', '50 גרם', 2, 196.34, 8, 33.5, 3.15),
(468, 6, 'שקדים', '10 שקדים בינוניים', 2, 94.38, 3.06, 2.55, 8.1),
(469, 6, 'חומוס מבושל (גרגירים)', '320 גרם', 3, 515.28, 28.8, 80, 8.32),
(470, 6, 'פלפל אדום', '1 פלפלים בינוניים', 3, 46.5, 1.8, 9, 0.3),
(471, 6, 'סייטן', '160 גרם', 3, 192, 41, 16, 2),
(472, 6, 'מלפפון', '1 מלפפונים בינוניים', 3, 15.4, 0.91, 2.6, 0.13),
(473, 6, 'כרוב מבושל', '100 גרם', 3, 23.76, 1, 4.2, 0.3),
(474, 6, 'תמרים מיובשים עם גרעין', '2 תמרים בינוניים', 4, 136.6, 1.1, 32, 0.25),
(475, 6, 'אבקת חלבון', '30 גרם', 4, 132, 23, 3, 1),
(476, 6, 'שיבולת שועל (קוואקר) לא מבושלת', '25 גרם', 4, 98.17, 4, 16.75, 1.57),
(477, 6, 'יוגורט פירות 0%', '150 גרם', 4, 60.9, 3.75, 11.25, 0),
(478, 6, 'ביצה (חלמון)', '1 חלמונים בינוניים', 5, 63.93, 2.88, 0.32, 5.76),
(479, 6, 'ביצה (חלבון)', '3 חלבונים בינוניים', 5, 68.99, 15.55, 1.44, 0),
(480, 6, 'שמן זית', '1 כפיות', 5, 88.4, 0, 0, 10),
(481, 6, 'לחם קל', '5 פרוסה', 5, 305.04, 15, 58.5, 0.75),
(482, 6, 'פלפל אדום', '1 פלפלים בינוניים', 5, 46.5, 1.8, 9, 0.3),
(483, 6, 'מלפפון', '1 מלפפונים בינוניים', 5, 15.4, 0.91, 2.6, 0.13),
(484, 6, 'כרוב מבושל', '100 גרם', 5, 23.76, 1, 4.2, 0.3),
(485, 6, 'אבוקדו עם קליפה וגרעין', '50 גרם', 5, 60.91, 0.75, 1.95, 5.65),
(486, 5, 'לחם קל', '3 פרוסה', 1, 183.02, 9, 35.1, 0.45),
(487, 5, 'גבינה צהובה 9%', '1 פרוסה', 1, 50.54, 7.5, 0.05, 2.25),
(488, 5, 'גבינת תנובה 250 גרם 3%', '1 כפות', 1, 11.55, 1.36, 0.53, 0.45),
(489, 5, 'מלפפון', '1 מלפפונים בינוניים', 1, 15.4, 0.91, 2.6, 0.13),
(490, 5, 'יוגורט 1.5%', '150 גרם', 2, 77.75, 7.2, 7.05, 2.25),
(491, 5, 'יוגורט 1.5%', '200 גרם', 2, 103.66, 9.6, 9.4, 3),
(492, 5, 'ברנפלקס', '30 גרם', 2, 84.75, 3.6, 16.62, 0.3),
(493, 5, 'שיבולת שועל (קוואקר) לא מבושלת', '35 גרם', 2, 137.44, 5.6, 23.45, 2.2),
(494, 5, 'שקדים', '10 שקדים בינוניים', 2, 94.38, 3.06, 2.55, 8.1),
(495, 5, 'חומוס מבושל (גרגירים)', '260 גרם', 3, 418.66, 23.4, 65, 6.76),
(496, 5, 'פלפל אדום', '1 פלפלים בינוניים', 3, 46.5, 1.8, 9, 0.3),
(497, 5, 'סייטן', '160 גרם', 3, 192, 41, 16, 2),
(498, 5, 'מלפפון', '1 מלפפונים בינוניים', 3, 15.4, 0.91, 2.6, 0.13),
(499, 5, 'כרוב מבושל', '100 גרם', 3, 23.76, 1, 4.2, 0.3),
(500, 5, 'תמרים מיובשים עם גרעין', '2 תמרים בינוניים', 4, 136.6, 1.1, 32, 0.25),
(501, 5, 'אבקת חלבון', '30 גרם', 4, 132, 23, 3, 1),
(502, 5, 'שיבולת שועל (קוואקר) לא מבושלת', '25 גרם', 4, 98.17, 4, 16.75, 1.57),
(503, 5, 'יוגורט פירות 0%', '150 גרם', 4, 60.9, 3.75, 11.25, 0),
(504, 5, 'ביצה (חלמון)', '1 חלמונים בינוניים', 5, 63.93, 2.88, 0.32, 5.76),
(505, 5, 'ביצה (חלבון)', '3 חלבונים בינוניים', 5, 68.99, 15.55, 1.44, 0),
(506, 5, 'שמן זית', '1 כפיות', 5, 88.4, 0, 0, 10),
(507, 5, 'לחם קל', '4 פרוסה', 5, 244.03, 12, 46.8, 0.6),
(508, 5, 'פלפל אדום', '1 פלפלים בינוניים', 5, 46.5, 1.8, 9, 0.3),
(509, 5, 'מלפפון', '1 מלפפונים בינוניים', 5, 15.4, 0.91, 2.6, 0.13),
(510, 5, 'כרוב מבושל', '100 גרם', 5, 23.76, 1, 4.2, 0.3),
(511, 5, 'אבוקדו עם קליפה וגרעין', '50 גרם', 5, 60.91, 0.75, 1.95, 5.65),
(512, 4, 'לחם קל', '3 פרוסה', 1, 183.02, 9, 35.1, 0.45),
(513, 4, 'גבינה צהובה 9%', '1 פרוסה', 1, 50.54, 7.5, 0.05, 2.25),
(514, 4, 'גבינת תנובה 250 גרם 3%', '1 כפות', 1, 11.55, 1.36, 0.53, 0.45),
(515, 4, 'מלפפון', '1 מלפפונים בינוניים', 1, 15.4, 0.91, 2.6, 0.13),
(516, 4, 'יוגורט 1.5%', '150 גרם', 2, 77.75, 7.2, 7.05, 2.25),
(517, 4, 'יוגורט 1.5%', '200 גרם', 2, 103.66, 9.6, 9.4, 3),
(518, 4, 'שיבולת שועל (קוואקר) לא מבושלת', '35 גרם', 2, 137.44, 5.6, 23.45, 2.2),
(519, 4, 'שקדים', '10 שקדים בינוניים', 2, 94.38, 3.06, 2.55, 8.1),
(520, 4, 'חומוס מבושל (גרגירים)', '180 גרם', 3, 289.84, 16.2, 45, 4.68),
(521, 4, 'פלפל אדום', '1 פלפלים בינוניים', 3, 46.5, 1.8, 9, 0.3),
(522, 4, 'סייטן', '160 גרם', 3, 192, 41, 16, 2),
(523, 4, 'מלפפון', '1 מלפפונים בינוניים', 3, 15.4, 0.91, 2.6, 0.13),
(524, 4, 'כרוב מבושל', '100 גרם', 3, 23.76, 1, 4.2, 0.3),
(525, 4, 'תמרים מיובשים עם גרעין', '2 תמרים בינוניים', 4, 136.6, 1.1, 32, 0.25),
(526, 4, 'אבקת חלבון', '30 גרם', 4, 132, 23, 3, 1),
(527, 4, 'שיבולת שועל (קוואקר) לא מבושלת', '25 גרם', 4, 98.17, 4, 16.75, 1.57),
(528, 4, 'יוגורט פירות 0%', '150 גרם', 4, 60.9, 3.75, 11.25, 0),
(529, 4, 'ביצה (חלמון)', '1 חלמונים בינוניים', 5, 63.93, 2.88, 0.32, 5.76),
(530, 4, 'ביצה (חלבון)', '3 חלבונים בינוניים', 5, 68.99, 15.55, 1.44, 0),
(531, 4, 'שמן זית', '1 כפיות', 5, 88.4, 0, 0, 10),
(532, 4, 'לחם קל', '2 פרוסה', 5, 122.02, 6, 23.4, 0.3),
(533, 4, 'פלפל אדום', '1 פלפלים בינוניים', 5, 46.5, 1.8, 9, 0.3),
(534, 4, 'מלפפון', '1 מלפפונים בינוניים', 5, 15.4, 0.91, 2.6, 0.13),
(535, 4, 'כרוב מבושל', '100 גרם', 5, 23.76, 1, 4.2, 0.3),
(536, 4, 'אבוקדו עם קליפה וגרעין', '50 גרם', 5, 60.91, 0.75, 1.95, 5.65),
(559, 11, 'חלב פרה 3%', '300 גרם', 1, 174.56, 8.7, 14.7, 9),
(560, 11, 'ברנפלקס', '100 גרם', 1, 282.48, 12, 55.4, 1),
(561, 11, 'אבקת חלבון', '30 גרם', 2, 132, 23, 3, 1),
(562, 11, 'חלב פרה 3%', '200 גרם', 2, 116.38, 5.8, 9.8, 6),
(563, 11, 'שיבולת שועל (קוואקר) לא מבושלת', '50 גרם', 2, 196.34, 8, 33.5, 3.15),
(564, 11, 'פירה תפו``א', '650 גרם', 3, 554.53, 14.95, 104.65, 7.8),
(565, 11, 'פלפל אדום', '1 פלפלים בינוניים', 3, 46.5, 1.8, 9, 0.3),
(566, 11, 'סייטן', '160 גרם', 3, 192, 41, 16, 2),
(567, 11, 'מלפפון', '1 מלפפונים בינוניים', 3, 15.4, 0.91, 2.6, 0.13),
(568, 11, 'תמרים מיובשים עם גרעין', '2 תמרים בינוניים', 4, 136.6, 1.1, 32, 0.25),
(569, 11, 'אבקת חלבון', '30 גרם', 4, 132, 23, 3, 1),
(570, 11, 'שיבולת שועל (קוואקר) לא מבושלת', '25 גרם', 4, 98.17, 4, 16.75, 1.57),
(571, 11, 'ברנפלקס', '30 גרם', 4, 84.75, 3.6, 16.62, 0.3),
(572, 11, 'יוגורט פירות 0%', '150 גרם', 4, 60.9, 3.75, 11.25, 0),
(573, 11, 'חומוס מבושל (גרגירים)', '275 גרם', 5, 442.82, 24.75, 68.75, 7.15),
(574, 11, 'פלפל אדום', '1 פלפלים בינוניים', 5, 46.5, 1.8, 9, 0.3),
(575, 11, 'מלפפון', '1 מלפפונים בינוניים', 5, 15.4, 0.91, 2.6, 0.13),
(576, 11, 'גבינה צהובה 9%', '75 גרם', 5, 151.63, 22.5, 0.15, 6.75),
(577, 11, 'אבקת חלבון', '30 גרם', 5, 132, 23, 3, 1),
(578, 11, 'ביצה (חלבון)', '2 חלבונים בינוניים', 5, 45.99, 10.37, 0.96, 0),
(579, 11, 'ביצה (חלמון)', '2 חלמונים בינוניים', 5, 127.85, 5.76, 0.65, 11.52),
(580, 10, 'חלב פרה 3%', '300 גרם', 1, 174.56, 8.7, 14.7, 9),
(581, 10, 'ברנפלקס', '80 גרם', 1, 225.99, 9.6, 44.32, 0.8),
(582, 10, 'יוגורט 1.5%', '200 גרם', 2, 103.66, 9.6, 9.4, 3),
(583, 10, 'אבקת חלבון', '30 גרם', 2, 132, 23, 3, 1),
(584, 10, 'שיבולת שועל (קוואקר) לא מבושלת', '50 גרם', 2, 196.34, 8, 33.5, 3.15),
(585, 10, 'פירה תפו``א', '750 גרם', 3, 639.84, 17.25, 120.75, 9),
(586, 10, 'פלפל אדום', '1 פלפלים בינוניים', 3, 46.5, 1.8, 9, 0.3),
(587, 10, 'סייטן', '160 גרם', 3, 192, 41, 16, 2),
(588, 10, 'מלפפון', '1 מלפפונים בינוניים', 3, 15.4, 0.91, 2.6, 0.13),
(589, 10, 'תמרים מיובשים עם גרעין', '2 תמרים בינוניים', 4, 136.6, 1.1, 32, 0.25),
(590, 10, 'אבקת חלבון', '30 גרם', 4, 132, 23, 3, 1),
(591, 10, 'שיבולת שועל (קוואקר) לא מבושלת', '25 גרם', 4, 98.17, 4, 16.75, 1.57),
(592, 10, 'ברנפלקס', '30 גרם', 4, 84.75, 3.6, 16.62, 0.3),
(593, 10, 'יוגורט פירות 0%', '150 גרם', 4, 60.9, 3.75, 11.25, 0),
(594, 10, 'ביצה (חלמון)', '1 חלמונים בינוניים', 5, 63.93, 2.88, 0.32, 5.76),
(595, 10, 'ביצה (חלבון)', '3 חלבונים בינוניים', 5, 68.99, 15.55, 1.44, 0),
(596, 10, 'חומוס מבושל (גרגירים)', '275 גרם', 5, 442.82, 24.75, 68.75, 7.15),
(597, 10, 'פלפל אדום', '1 פלפלים בינוניים', 5, 46.5, 1.8, 9, 0.3),
(598, 10, 'מלפפון', '1 מלפפונים בינוניים', 5, 15.4, 0.91, 2.6, 0.13),
(599, 10, 'סייטן', '100 גרם', 5, 120, 25, 9, 1.3),
(600, 10, 'אבקת חלבון', '30 גרם', 5, 132, 23, 3, 1),
(655, 7, 'לחם קל', '5 פרוסה', 1, 305.04, 15, 58.5, 0.75),
(656, 7, 'גבינת תנובה 250 גרם 3%', '2 כפות', 1, 23.1, 2.73, 1.05, 0.9),
(657, 7, 'גבינה צהובה 9%', '2 פרוסה', 1, 101.09, 15, 0.1, 4.5),
(658, 7, 'מלפפון', '1 מלפפונים בינוניים', 1, 15.4, 0.91, 2.6, 0.13),
(659, 7, 'יוגורט 1.5%', '200 גרם', 2, 103.66, 9.6, 9.4, 3),
(660, 7, 'אבקת חלבון', '15 גרם', 2, 66, 11.5, 1.5, 0.5),
(661, 7, 'שיבולת שועל (קוואקר) לא מבושלת', '50 גרם', 2, 196.34, 8, 33.5, 3.15),
(662, 7, 'שקדים', '10 שקדים בינוניים', 2, 94.38, 3.06, 2.55, 8.1),
(663, 7, 'חומוס מבושל (גרגירים)', '320 גרם', 3, 515.28, 28.8, 80, 8.32),
(664, 7, 'פלפל אדום', '1 פלפלים בינוניים', 3, 46.5, 1.8, 9, 0.3),
(665, 7, 'סייטן', '160 גרם', 3, 192, 41, 16, 2),
(666, 7, 'מלפפון', '1 מלפפונים בינוניים', 3, 15.4, 0.91, 2.6, 0.13),
(667, 7, 'כרוב מבושל', '100 גרם', 3, 23.76, 1, 4.2, 0.3),
(668, 7, 'תמרים מיובשים עם גרעין', '2 תמרים בינוניים', 4, 136.6, 1.1, 32, 0.25),
(669, 7, 'אבקת חלבון', '30 גרם', 4, 132, 23, 3, 1),
(670, 7, 'שיבולת שועל (קוואקר) לא מבושלת', '25 גרם', 4, 98.17, 4, 16.75, 1.57),
(671, 7, 'יוגורט פירות 0%', '150 גרם', 4, 60.9, 3.75, 11.25, 0),
(672, 7, 'ביצה (חלמון)', '1 חלמונים בינוניים', 5, 63.93, 2.88, 0.32, 5.76),
(673, 7, 'ביצה (חלבון)', '3 חלבונים בינוניים', 5, 68.99, 15.55, 1.44, 0),
(674, 7, 'שמן זית', '1 כפיות', 5, 88.4, 0, 0, 10),
(675, 7, 'לחם קל', '5 פרוסה', 5, 305.04, 15, 58.5, 0.75),
(676, 7, 'פלפל אדום', '1 פלפלים בינוניים', 5, 46.5, 1.8, 9, 0.3),
(677, 7, 'מלפפון', '1 מלפפונים בינוניים', 5, 15.4, 0.91, 2.6, 0.13),
(678, 7, 'כרוב מבושל', '100 גרם', 5, 23.76, 1, 4.2, 0.3),
(679, 9, 'לחם קל', '5 פרוסה', 1, 305.04, 15, 58.5, 0.75),
(680, 9, 'גבינת תנובה 250 גרם 3%', '2 כפות', 1, 23.1, 2.73, 1.05, 0.9),
(681, 9, 'גבינה צהובה 9%', '2 פרוסה', 1, 101.09, 15, 0.1, 4.5),
(682, 9, 'מלפפון', '1 מלפפונים בינוניים', 1, 15.4, 0.91, 2.6, 0.13),
(683, 9, 'יוגורט 1.5%', '200 גרם', 2, 103.66, 9.6, 9.4, 3),
(684, 9, 'אבקת חלבון', '30 גרם', 2, 132, 23, 3, 1),
(685, 9, 'שיבולת שועל (קוואקר) לא מבושלת', '50 גרם', 2, 196.34, 8, 33.5, 3.15),
(686, 9, 'שקדים', '10 שקדים בינוניים', 2, 94.38, 3.06, 2.55, 8.1),
(687, 9, 'חומוס מבושל (גרגירים)', '320 גרם', 3, 515.28, 28.8, 80, 8.32),
(688, 9, 'פלפל אדום', '1 פלפלים בינוניים', 3, 46.5, 1.8, 9, 0.3),
(689, 9, 'סייטן', '160 גרם', 3, 192, 41, 16, 2),
(690, 9, 'מלפפון', '1 מלפפונים בינוניים', 3, 15.4, 0.91, 2.6, 0.13),
(691, 9, 'כרוב מבושל', '100 גרם', 3, 23.76, 1, 4.2, 0.3),
(692, 9, 'תמרים מיובשים עם גרעין', '2 תמרים בינוניים', 4, 136.6, 1.1, 32, 0.25),
(693, 9, 'אבקת חלבון', '30 גרם', 4, 132, 23, 3, 1),
(694, 9, 'שיבולת שועל (קוואקר) לא מבושלת', '25 גרם', 4, 98.17, 4, 16.75, 1.57),
(695, 9, 'יוגורט פירות 0%', '150 גרם', 4, 60.9, 3.75, 11.25, 0),
(696, 9, 'ביצה (חלמון)', '1 חלמונים בינוניים', 5, 63.93, 2.88, 0.32, 5.76),
(697, 9, 'ביצה (חלבון)', '3 חלבונים בינוניים', 5, 68.99, 15.55, 1.44, 0),
(698, 9, 'שמן זית', '1 כפיות', 5, 88.4, 0, 0, 10),
(699, 9, 'לחם קל', '5 פרוסה', 5, 305.04, 15, 58.5, 0.75),
(700, 9, 'פלפל אדום', '1 פלפלים בינוניים', 5, 46.5, 1.8, 9, 0.3),
(701, 9, 'מלפפון', '1 מלפפונים בינוניים', 5, 15.4, 0.91, 2.6, 0.13),
(702, 9, 'כרוב מבושל', '100 גרם', 5, 23.76, 1, 4.2, 0.3),
(703, 9, 'סייטן', '100 גרם', 5, 120, 25, 9, 1.3),
(704, 9, 'חומוס מבושל (גרגירים)', '100 גרם', 5, 161.02, 9, 25, 2.6),
(705, 9, 'ביצה (חלבון)', '3 חלבונים בינוניים', 5, 68.99, 15.55, 1.44, 0),
(706, 8, 'לחם קל', '5 פרוסה', 1, 305.04, 15, 58.5, 0.75),
(707, 8, 'גבינת תנובה 250 גרם 3%', '2 כפות', 1, 23.1, 2.73, 1.05, 0.9),
(708, 8, 'גבינה צהובה 9%', '2 פרוסה', 1, 101.09, 15, 0.1, 4.5),
(709, 8, 'מלפפון', '1 מלפפונים בינוניים', 1, 15.4, 0.91, 2.6, 0.13),
(710, 8, 'יוגורט 1.5%', '200 גרם', 2, 103.66, 9.6, 9.4, 3),
(711, 8, 'אבקת חלבון', '15 גרם', 2, 66, 11.5, 1.5, 0.5),
(712, 8, 'שיבולת שועל (קוואקר) לא מבושלת', '50 גרם', 2, 196.34, 8, 33.5, 3.15),
(713, 8, 'שקדים', '10 שקדים בינוניים', 2, 94.38, 3.06, 2.55, 8.1),
(714, 8, 'חומוס מבושל (גרגירים)', '320 גרם', 3, 515.28, 28.8, 80, 8.32),
(715, 8, 'פלפל אדום', '1 פלפלים בינוניים', 3, 46.5, 1.8, 9, 0.3),
(716, 8, 'סייטן', '160 גרם', 3, 192, 41, 16, 2),
(717, 8, 'מלפפון', '1 מלפפונים בינוניים', 3, 15.4, 0.91, 2.6, 0.13),
(718, 8, 'כרוב מבושל', '100 גרם', 3, 23.76, 1, 4.2, 0.3),
(719, 8, 'תמרים מיובשים עם גרעין', '2 תמרים בינוניים', 4, 136.6, 1.1, 32, 0.25),
(720, 8, 'אבקת חלבון', '30 גרם', 4, 132, 23, 3, 1),
(721, 8, 'שיבולת שועל (קוואקר) לא מבושלת', '25 גרם', 4, 98.17, 4, 16.75, 1.57),
(722, 8, 'יוגורט פירות 0%', '150 גרם', 4, 60.9, 3.75, 11.25, 0),
(723, 8, 'ביצה (חלמון)', '1 חלמונים בינוניים', 5, 63.93, 2.88, 0.32, 5.76),
(724, 8, 'ביצה (חלבון)', '3 חלבונים בינוניים', 5, 68.99, 15.55, 1.44, 0),
(725, 8, 'שמן זית', '1 כפיות', 5, 88.4, 0, 0, 10),
(726, 8, 'לחם קל', '5 פרוסה', 5, 305.04, 15, 58.5, 0.75),
(727, 8, 'פלפל אדום', '1 פלפלים בינוניים', 5, 46.5, 1.8, 9, 0.3),
(728, 8, 'מלפפון', '1 מלפפונים בינוניים', 5, 15.4, 0.91, 2.6, 0.13),
(729, 8, 'כרוב מבושל', '100 גרם', 5, 23.76, 1, 4.2, 0.3),
(730, 8, 'סייטן', '100 גרם', 5, 120, 25, 9, 1.3),
(731, 8, 'חומוס מבושל (גרגירים)', '100 גרם', 5, 161.02, 9, 25, 2.6),
(732, 8, 'ביצה (חלבון)', '3 חלבונים בינוניים', 5, 68.99, 15.55, 1.44, 0);

-- --------------------------------------------------------

--
-- Table structure for table `units`
--

CREATE TABLE IF NOT EXISTS `units` (
  `unit_id` int(11) NOT NULL AUTO_INCREMENT,
  `title` varchar(512) NOT NULL,
  `weight` float NOT NULL,
  `food_id` int(11) NOT NULL,
  PRIMARY KEY (`unit_id`)
) ENGINE=InnoDB  DEFAULT CHARSET=utf8 AUTO_INCREMENT=11 ;

--
-- Dumping data for table `units`
--

INSERT INTO `units` (`unit_id`, `title`, `weight`, `food_id`) VALUES
(1, 'פרוסה', 30, 357),
(2, 'פרוסה', 25, 142),
(3, 'כפות', 15, 755),
(4, 'מלפפונים בינוניים', 130, 392),
(5, 'שקדים בינוניים', 1.5, 711),
(6, 'פלפלים בינוניים', 150, 565),
(7, 'תמרים בינוניים', 25, 722),
(8, 'חלמונים בינוניים', 18, 80),
(9, 'חלבונים בינוניים', 48, 79),
(10, 'כפיות', 10, 671);

-- --------------------------------------------------------

--
-- Table structure for table `users`
--

CREATE TABLE IF NOT EXISTS `users` (
  `user_id` int(11) NOT NULL AUTO_INCREMENT,
  `email` varchar(512) NOT NULL,
  `password` varchar(512) NOT NULL,
  `birthdate` date NOT NULL,
  `height` double NOT NULL,
  PRIMARY KEY (`user_id`),
  KEY `email` (`email`(255),`password`(255))
) ENGINE=InnoDB  DEFAULT CHARSET=utf8 AUTO_INCREMENT=4 ;

--
-- Dumping data for table `users`
--

INSERT INTO `users` (`user_id`, `email`, `password`, `birthdate`, `height`) VALUES
(3, 'eliran013@gmail.com', 'fadd97a3d3ac9d439612fa2fa85b0bfe', '1993-07-05', 1.7);

-- --------------------------------------------------------

--
-- Table structure for table `weight_log`
--

CREATE TABLE IF NOT EXISTS `weight_log` (
  `record_id` int(11) NOT NULL AUTO_INCREMENT,
  `user_id` int(11) NOT NULL,
  `timestamp` date NOT NULL,
  `weight` float NOT NULL,
  `fat_percentage` tinyint(4) NOT NULL,
  PRIMARY KEY (`record_id`)
) ENGINE=InnoDB  DEFAULT CHARSET=utf8 AUTO_INCREMENT=21 ;

--
-- Dumping data for table `weight_log`
--

INSERT INTO `weight_log` (`record_id`, `user_id`, `timestamp`, `weight`, `fat_percentage`) VALUES
(1, 3, '2015-11-17', 68, 26),
(2, 3, '2015-11-30', 66.9, 25),
(3, 3, '2015-12-29', 64.6, 23),
(4, 3, '2016-01-27', 60.1, 18),
(5, 3, '2016-02-24', 58.2, 15),
(6, 3, '2016-03-17', 61.4, 15),
(7, 3, '2016-04-10', 64.1, 18),
(8, 3, '2016-05-10', 63.4, 17),
(9, 3, '2016-06-19', 66.6, 16),
(10, 3, '2016-06-24', 65.3, 16),
(11, 3, '2016-07-01', 65.6, 16),
(12, 3, '2016-07-08', 66.4, 16),
(13, 3, '2016-07-15', 66.4, 16),
(14, 3, '2016-07-22', 67.5, 16),
(15, 3, '2016-07-28', 68.4, 16),
(16, 3, '2016-08-04', 68.6, 16),
(17, 3, '2016-08-11', 68.3, 16),
(18, 3, '2016-08-19', 67.1, 16),
(19, 3, '2016-08-26', 67.5, 16),
(20, 3, '2016-09-02', 68.6, 16);

/*!40101 SET CHARACTER_SET_CLIENT=@OLD_CHARACTER_SET_CLIENT */;
/*!40101 SET CHARACTER_SET_RESULTS=@OLD_CHARACTER_SET_RESULTS */;
/*!40101 SET COLLATION_CONNECTION=@OLD_COLLATION_CONNECTION */;
